timestamp,open,high,low,close,volume
3/13/2020 12:04,33.42,33.46,33.3846,33.4,50106
3/13/2020 12:03,33.565,33.575,33.42,33.42,83611
3/13/2020 12:02,33.7,33.72,33.55,33.5698,52052
3/13/2020 12:01,33.7121,33.8,33.67,33.72,69360
3/13/2020 12:00,33.77,33.8,33.66,33.72,53063
3/13/2020 11:59,33.81,33.8198,33.675,33.76,81430
3/13/2020 11:58,33.85,33.95,33.79,33.82,75439
3/13/2020 11:57,33.77,33.85,33.71,33.845,67979
3/13/2020 11:56,33.62,33.805,33.62,33.79,96568
3/13/2020 11:55,33.61,33.6382,33.525,33.629,89243
3/13/2020 11:54,33.64,33.65,33.58,33.615,59674
3/13/2020 11:53,33.69,33.71,33.605,33.64,85484
3/13/2020 11:52,33.67,33.735,33.67,33.69,73875
3/13/2020 11:51,33.49,33.685,33.49,33.6825,95984
3/13/2020 11:50,33.5201,33.5201,33.402,33.49,0
3/13/2020 11:49,33.55,33.58,33.52,33.5281,67236
3/13/2020 11:48,33.63,33.66,33.54,33.545,62794
3/13/2020 11:47,33.75,33.76,33.6,33.62,60174
3/13/2020 11:46,33.73,33.84,33.69,33.75,84293
3/13/2020 11:45,33.835,33.87,33.71,33.72,71814
3/13/2020 11:44,33.825,33.84,33.8,33.835,65020
3/13/2020 11:43,33.895,33.895,33.81,33.825,43755
3/13/2020 11:42,33.91,33.92,33.89,33.8999,39091
3/13/2020 11:41,33.955,33.955,33.89,33.915,54535
3/13/2020 11:40,33.8835,33.97,33.8835,33.955,57044
3/13/2020 11:39,34.04,34.045,33.88,33.885,64585
3/13/2020 11:38,34.1101,34.135,34.02,34.045,54876
3/13/2020 11:37,34.03,34.15,33.99,34.12,72005
3/13/2020 11:36,33.955,34.055,33.94,34.04,151783
3/13/2020 11:35,34.015,34.015,33.93,33.95,118641
3/13/2020 11:34,34.015,34.05,33.98,34.01,53361
3/13/2020 11:33,34.075,34.075,33.96,34.015,54596
3/13/2020 11:32,34,34.09,33.99,34.08,79299
3/13/2020 11:31,33.9826,34.02,33.93,34,167368
3/13/2020 11:30,34.23,34.23,33.98,33.98,90043
3/13/2020 11:29,34.32,34.34,34.23,34.23,60370
3/13/2020 11:28,34.33,34.34,34.26,34.32,51840
3/13/2020 11:27,34.34,34.39,34.3199,34.325,50135
3/13/2020 11:26,34.28,34.36,34.28,34.35,45241
3/13/2020 11:25,34.4,34.41,34.27,34.29,45351
3/13/2020 11:24,34.4195,34.43,34.37,34.4,43848
3/13/2020 11:23,34.45,34.48,34.4,34.415,49480
3/13/2020 11:22,34.48,34.49,34.42,34.46,39429
3/13/2020 11:21,34.37,34.51,34.365,34.48,57140
3/13/2020 11:20,34.35,34.368,34.3,34.365,44874
3/13/2020 11:19,34.385,34.4,34.32,34.36,66311
3/13/2020 11:18,34.3653,34.39,34.29,34.39,61664
3/13/2020 11:17,34.505,34.51,34.36,34.36,63151
3/13/2020 11:16,34.61,34.61,34.485,34.5114,56338
3/13/2020 11:15,34.51,34.66,34.49,34.595,92071
3/13/2020 11:14,34.48,34.58,34.4572,34.52,76177
3/13/2020 11:13,34.4302,34.5,34.43,34.485,59612
3/13/2020 11:12,34.4254,34.465,34.42,34.435,57284
3/13/2020 11:11,34.45,34.47,34.42,34.425,60624
3/13/2020 11:10,34.34,34.47,34.34,34.455,54513
3/13/2020 11:09,34.3336,34.42,34.33,34.3399,89488
3/13/2020 11:08,34.455,34.46,34.26,34.335,86741
3/13/2020 11:07,34.45,34.455,34.45,34.455,428414
3/13/2020 11:02,34.225,34.28,34.2,34.28,21682
3/13/2020 11:01,34.12,34.2397,34.115,34.23,93866
3/13/2020 11:00,34.17,34.24,34.1,34.11,102711
3/13/2020 10:59,34.31,34.315,34.165,34.1699,68153
3/13/2020 10:58,34.37,34.37,34.26,34.3,150106
3/13/2020 10:57,34.445,34.449,34.355,34.37,51561
3/13/2020 10:56,34.525,34.56,34.43,34.44,45957
3/13/2020 10:55,34.535,34.58,34.51,34.525,89934
3/13/2020 10:54,34.55,34.56,34.53,34.53,66549
3/13/2020 10:53,34.545,34.57,34.5,34.555,51170
3/13/2020 10:52,34.63,34.63,34.53,34.545,88807
3/13/2020 10:51,34.57,34.65,34.55,34.63,43575
3/13/2020 10:50,34.68,34.7199,34.56,34.58,75859
3/13/2020 10:49,34.64,34.715,34.635,34.68,103343
3/13/2020 10:48,34.55,34.64,34.55,34.635,72476
3/13/2020 10:47,34.605,34.605,34.55,34.55,63389
3/13/2020 10:46,34.57,34.62,34.55,34.62,60627
3/13/2020 10:45,34.4114,34.59,34.4114,34.57,103688
3/13/2020 10:44,34.39,34.43,34.33,34.413,176244
3/13/2020 10:43,34.47,34.475,34.395,34.395,91220
3/13/2020 10:42,34.46,34.4788,34.42,34.475,96338
3/13/2020 10:41,34.48,34.49,34.44,34.45,79792
3/13/2020 10:40,34.41,34.5,34.4,34.47,93757
3/13/2020 10:39,34.43,34.47,34.4,34.415,85610
3/13/2020 10:38,34.45,34.5099,34.4,34.43,65144
3/13/2020 10:37,34.52,34.58,34.44,34.44,76926
3/13/2020 10:36,34.5632,34.5632,34.49,34.5201,95693
3/13/2020 10:35,34.56,34.56,34.56,34.56,61970
3/13/2020 10:34,34.71,34.71,34.71,34.71,64672
3/13/2020 10:33,34.635,34.76,34.635,34.7476,52156
3/13/2020 10:32,34.66,34.68,34.62,34.63,93562
3/13/2020 10:31,34.68,34.76,34.605,34.66,70061
3/13/2020 10:30,34.705,34.7742,34.655,34.68,61563
3/13/2020 10:29,34.84,34.88,34.67,34.71,89757
3/13/2020 10:28,34.985,35,34.76,34.83,0
3/13/2020 10:27,34.88,35.05,34.88,34.99,95638
3/13/2020 10:26,34.83,34.89,34.7,34.88,100439
3/13/2020 10:25,34.97,34.98,34.84,34.84,82570
3/13/2020 10:24,35.06,35.08,34.945,34.97,131981
3/13/2020 10:23,35.08,35.1,35.02,35.0601,122870
3/13/2020 10:22,34.92,35.08,34.91,35.08,115435
3/13/2020 10:21,35,35.01,34.9,34.92,102527
3/13/2020 10:20,34.915,35.01,34.91,34.995,123550
3/13/2020 10:19,34.68,34.93,34.665,34.91,93058
3/13/2020 10:18,34.49,34.69,34.49,34.68,50782
3/13/2020 10:17,34.54,34.63,34.46,34.49,84813
3/13/2020 10:16,34.56,34.66,34.48,34.53,118053
3/13/2020 10:15,34.44,34.63,34.42,34.56,90481
3/13/2020 10:14,34.59,34.59,34.36,34.43,87683
3/13/2020 10:13,34.6,34.69,34.565,34.59,86962
3/13/2020 10:12,34.61,34.64,34.54,34.5755,84943
3/13/2020 10:11,34.78,34.78,34.62,34.64,62888
3/13/2020 10:10,34.9901,34.9901,34.78,34.7809,213955
3/13/2020 10:09,34.95,35,34.93,34.99,51664
3/13/2020 10:08,34.885,34.965,34.86,34.955,67083
3/13/2020 10:07,34.86,34.91,34.775,34.88,69399
3/13/2020 10:06,34.865,34.865,34.865,34.865,49538
3/13/2020 10:05,34.85,34.9,34.815,34.86,69337
3/13/2020 10:04,34.8,34.9,34.79,34.855,77205
3/13/2020 10:03,34.865,34.865,34.71,34.8,84791
3/13/2020 10:02,34.645,34.865,34.645,34.86,93536
3/13/2020 10:01,34.85,34.86,34.58,34.65,93582
3/13/2020 10:00,34.83,34.88,34.79,34.86,91405
3/13/2020 9:59,34.75,34.8,34.75,34.8,339247
3/13/2020 9:58,34.885,34.885,34.785,34.785,297983
3/13/2020 9:57,34.875,34.88,34.875,34.88,85504
3/13/2020 9:56,34.915,34.915,34.885,34.885,138169
3/13/2020 9:55,34.9596,34.96,34.9596,34.96,104408
3/13/2020 9:54,34.96,34.96,34.915,34.915,53629
3/13/2020 9:53,34.9349,34.94,34.9349,34.94,150065
3/13/2020 9:52,35.09,35.09,35.05,35.05,201506
3/13/2020 9:51,35.12,35.12,35.045,35.045,85495
3/13/2020 9:50,35.23,35.23,35.195,35.195,120279
3/13/2020 9:49,35.22,35.22,35.175,35.175,110856
3/13/2020 9:48,35.29,35.29,35.155,35.155,100559
3/13/2020 9:47,35.2,35.295,35.2,35.295,144713
3/13/2020 9:46,35.125,35.33,35.125,35.33,140434
3/13/2020 9:45,34.965,35.02,34.965,35.02,140357
3/13/2020 9:44,34.94,34.975,34.93,34.975,106957
3/13/2020 9:43,34.93,34.95,34.93,34.95,90784
3/13/2020 9:42,34.95,34.95,34.905,34.905,109577
3/13/2020 9:41,35.095,35.095,34.955,34.955,94442
3/13/2020 9:40,35.25,35.25,35.16,35.16,115381
3/13/2020 9:39,35.35,35.35,35.27,35.27,86774
3/13/2020 9:38,35.45,35.45,35.34,35.34,114371
3/13/2020 9:37,35.47,35.47,35.47,35.47,124520
3/13/2020 9:36,35.38,35.38,35.31,35.31,147656
3/13/2020 9:35,35.28,35.34,35.28,35.34,123992
3/13/2020 9:34,35.39,35.46,35.16,35.19,236873
3/13/2020 9:33,35.56,35.56,35.29,35.3864,128483
3/13/2020 9:32,35.08,35.5728,35.0723,35.5665,115913
3/13/2020 9:31,35.075,35.075,35.075,35.075,1098405
3/12/2020 16:00,33.29,33.3,33.2,33.21,835409
3/12/2020 15:59,33.46,33.46,33.29,33.3,453633
3/12/2020 15:58,33.35,33.49,33.345,33.455,241567
3/12/2020 15:57,33.5,33.51,33.35,33.355,368854
3/12/2020 15:56,33.61,33.64,33.5,33.5001,275199
3/12/2020 15:55,33.82,33.83,33.6,33.62,161981
3/12/2020 15:54,33.74,33.83,33.7,33.83,210781
3/12/2020 15:53,34.035,34.06,33.73,33.7386,260802
3/12/2020 15:52,33.95,34.09,33.94,34.0339,192498
3/12/2020 15:51,33.86,34.11,33.855,33.95,357668
3/12/2020 15:50,33.705,33.87,33.705,33.85,136138
3/12/2020 15:49,33.635,33.705,33.63,33.705,118213
3/12/2020 15:48,33.63,33.64,33.62,33.64,116695
3/12/2020 15:47,33.66,33.68,33.62,33.625,133399
3/12/2020 15:46,33.68,33.75,33.66,33.67,109876
3/12/2020 15:45,33.685,33.7,33.66,33.675,178296
3/12/2020 15:44,33.735,33.74,33.68,33.69,144037
3/12/2020 15:43,33.94,33.945,33.72,33.7365,123129
3/12/2020 15:42,33.94,34.01,33.93,33.93,110287
3/12/2020 15:41,33.72,33.99,33.7,33.94,133892
3/12/2020 15:40,33.68,33.74,33.67,33.72,78718
3/12/2020 15:39,33.69,33.69,33.67,33.6815,73694
3/12/2020 15:38,33.695,33.77,33.665,33.695,113563
3/12/2020 15:37,33.6699,33.705,33.66,33.7,88694
3/12/2020 15:36,33.67,33.76,33.66,33.67,88044
3/12/2020 15:35,33.745,33.745,33.65,33.68,136617
3/12/2020 15:34,33.79,33.85,33.74,33.7464,94343
3/12/2020 15:33,33.665,33.79,33.65,33.77,109331
3/12/2020 15:32,33.6525,33.68,33.65,33.665,68729
3/12/2020 15:31,33.645,33.7,33.64,33.66,82695
3/12/2020 15:30,33.6516,33.6599,33.625,33.65,83203
3/12/2020 15:29,33.68,33.6825,33.64,33.65,59137
3/12/2020 15:28,33.715,33.72,33.65,33.68,136855
3/12/2020 15:27,33.81,33.82,33.72,33.73,57204
3/12/2020 15:26,33.7201,33.81,33.71,33.805,81668
3/12/2020 15:25,33.77,33.775,33.67,33.7201,97815
3/12/2020 15:24,33.845,33.85,33.78,33.78,93765
3/12/2020 15:23,33.685,33.8601,33.685,33.845,66005
3/12/2020 15:22,33.7199,33.72,33.655,33.69,68219
3/12/2020 15:21,33.76,33.775,33.7,33.725,212151
3/12/2020 15:20,33.7434,33.77,33.74,33.76,48934
3/12/2020 15:19,33.73,33.7699,33.7,33.745,53465
3/12/2020 15:18,33.75,33.76,33.695,33.72,86666
3/12/2020 15:17,33.73,33.76,33.67,33.7447,81618
3/12/2020 15:16,33.92,33.92,33.73,33.735,68260
3/12/2020 15:15,34.11,34.12,33.92,33.93,103709
3/12/2020 15:14,34.11,34.11,34.105,34.11,251963
3/12/2020 15:13,34.11,34.1169,34.1,34.105,27428
3/12/2020 15:12,34.07,34.15,34.065,34.11,139957
3/12/2020 15:11,33.845,34.07,33.825,34.06,115320
3/12/2020 15:10,33.75,33.995,33.75,33.845,130283
3/12/2020 15:09,33.7,33.75,33.67,33.745,179396
3/12/2020 15:08,33.7059,33.72,33.69,33.69,57223
3/12/2020 15:07,33.71,33.74,33.69,33.705,65196
3/12/2020 15:06,33.79,33.79,33.71,33.71,69922
3/12/2020 15:05,33.75,33.81,33.74,33.7801,60577
3/12/2020 15:04,33.7401,33.76,33.74,33.75,53230
3/12/2020 15:03,33.76,33.8068,33.7301,33.7498,62433
3/12/2020 15:02,33.75,33.7999,33.74,33.76,60530
3/12/2020 15:01,33.655,33.75,33.655,33.75,86398
3/12/2020 15:00,33.73,33.74,33.65,33.65,46345
3/12/2020 14:59,33.84,33.86,33.7202,33.735,73230
3/12/2020 14:58,33.8902,33.8999,33.82,33.835,61456
3/12/2020 14:57,33.97,34.01,33.89,33.89,37677
3/12/2020 14:56,33.955,34,33.93,33.975,69001
3/12/2020 14:55,34.0625,34.07,33.92,33.956,57573
3/12/2020 14:54,34.1185,34.16,34.05,34.07,45221
3/12/2020 14:53,34.2,34.29,34.085,34.11,77990
3/12/2020 14:52,34.21,34.24,34.14,34.19,45776
3/12/2020 14:51,34.16,34.275,34.12,34.24,85133
3/12/2020 14:50,34.06,34.18,34,34.16,67577
3/12/2020 14:49,33.845,34.0702,33.845,34.06,64471
3/12/2020 14:48,33.77,33.91,33.75,33.8485,85079
3/12/2020 14:47,33.83,33.8694,33.78,33.78,62316
3/12/2020 14:46,33.8,33.92,33.8,33.805,30938
3/12/2020 14:45,33.85,33.85,33.76,33.7933,58125
3/12/2020 14:44,33.87,33.88,33.78,33.8515,50492
3/12/2020 14:43,33.86,33.89,33.79,33.8768,57174
3/12/2020 14:42,33.83,33.91,33.81,33.86,30108
3/12/2020 14:41,33.75,33.86,33.72,33.825,117761
3/12/2020 14:40,33.735,33.81,33.73,33.75,69144
3/12/2020 14:39,33.79,33.805,33.73,33.735,64549
3/12/2020 14:38,33.735,33.81,33.73,33.785,65309
3/12/2020 14:37,33.79,33.8,33.71,33.74,150459
3/12/2020 14:36,33.805,33.85,33.77,33.79,98396
3/12/2020 14:35,33.82,33.8599,33.79,33.805,46787
3/12/2020 14:34,33.85,33.97,33.8,33.81,82799
3/12/2020 14:33,33.96,33.97,33.81,33.83,61136
3/12/2020 14:32,33.84,33.97,33.785,33.96,94486
3/12/2020 14:31,33.9,33.91,33.78,33.84,98850
3/12/2020 14:30,34.05,34.07,33.89,33.89,60054
3/12/2020 14:29,33.9907,34.04,33.95,34.02,74407
3/12/2020 14:28,34.0701,34.09,33.955,33.99,69969
3/12/2020 14:27,33.97,34.09,33.9,34.07,141910
3/12/2020 14:26,33.88,33.98,33.85,33.97,68878
3/12/2020 14:25,33.94,33.945,33.87,33.8809,43380
3/12/2020 14:24,34,34.035,33.9,33.9501,99729
3/12/2020 14:23,34.05,34.05,33.985,34,93235
3/12/2020 14:22,34.04,34.1,34.04,34.055,59379
3/12/2020 14:21,33.99,34.05,33.975,34.04,39812
3/12/2020 14:20,34.025,34.05,33.935,33.9879,153782
3/12/2020 14:19,34.08,34.14,34.02,34.03,43817
3/12/2020 14:18,34.0311,34.08,34,34.08,83111
3/12/2020 14:17,34.035,34.085,34.005,34.0385,49055
3/12/2020 14:16,34.05,34.07,34,34.04,42705
3/12/2020 14:15,34.13,34.18,34.04,34.05,44367
3/12/2020 14:14,34.05,34.19,34,34.12,87779
3/12/2020 14:13,34.115,34.115,34.03,34.05,69127
3/12/2020 14:12,34.23,34.23,34.09,34.11,78524
3/12/2020 14:11,34.3,34.36,34.16,34.245,79618
3/12/2020 14:10,34.25,34.31,34.2,34.3,57809
3/12/2020 14:09,34.275,34.28,34.19,34.25,54926
3/12/2020 14:08,34.29,34.35,34.235,34.275,56116
3/12/2020 14:07,34.4588,34.4588,34.295,34.295,55465
3/12/2020 14:06,34.4013,34.54,34.38,34.45,69486
3/12/2020 14:05,34.33,34.5,34.25,34.4,73440
3/12/2020 14:04,34.29,34.38,34.27,34.325,80642
3/12/2020 14:03,34.2502,34.36,34.2502,34.295,80568
3/12/2020 14:02,34.49,34.49,34.22,34.25,100287
3/12/2020 14:01,34.5801,34.72,34.47,34.49,85255
3/12/2020 14:00,34.5,34.63,34.5,34.58,72329
3/12/2020 13:59,34.4299,34.54,34.37,34.51,48358
3/12/2020 13:58,34.235,34.43,34.22,34.42,93069
3/12/2020 13:57,34.36,34.36,34.215,34.24,63163
3/12/2020 13:56,34.28,34.37,34.24,34.36,57194
3/12/2020 13:55,34.33,34.3301,34.165,34.28,72669
3/12/2020 13:54,34.51,34.51,34.34,34.34,53480
3/12/2020 13:53,34.56,34.635,34.47,34.52,67249
3/12/2020 13:52,34.405,34.56,34.365,34.5599,81837
3/12/2020 13:51,34.5325,34.5325,34.36,34.405,66786
3/12/2020 13:50,34.52,34.55,34.44,34.535,133042
3/12/2020 13:49,34.355,34.61,34.34,34.51,114000
3/12/2020 13:48,34.29,34.43,34.25,34.355,114211
3/12/2020 13:47,34.305,34.32,34.18,34.3,88020
3/12/2020 13:46,34.33,34.34,34.2502,34.31,50793
3/12/2020 13:45,34.31,34.36,34.28,34.335,51512
3/12/2020 13:44,34.4,34.45,34.31,34.31,83331
3/12/2020 13:43,34.42,34.44,34.37,34.39,65475
3/12/2020 13:42,34.35,34.435,34.325,34.43,42405
3/12/2020 13:41,34.29,34.39,34.24,34.3549,78373
3/12/2020 13:40,34.33,34.37,34.27,34.37,59222
3/12/2020 13:39,34.375,34.43,34.33,34.33,74114
3/12/2020 13:38,34.43,34.45,34.28,34.34,127076
3/12/2020 13:37,34.65,34.66,34.51,34.5241,87850
3/12/2020 13:36,34.67,34.69,34.585,34.65,60759
3/12/2020 13:35,34.61,34.69,34.61,34.69,89795
3/12/2020 13:34,34.76,34.76,34.58,34.59,94056
3/12/2020 13:33,34.82,34.8466,34.7001,34.76,48938
3/12/2020 13:32,34.94,35.005,34.79,34.81,72125
3/12/2020 13:31,34.83,35.03,34.77,34.94,106906
3/12/2020 13:30,35.025,35.025,34.78,34.83,62078
3/12/2020 13:29,34.765,35.03,34.7001,35.025,75144
3/12/2020 13:28,34.66,34.77,34.58,34.77,71900
3/12/2020 13:27,34.75,34.82,34.65,34.65,68714
3/12/2020 13:26,34.845,34.85,34.74,34.75,63892
3/12/2020 13:25,34.7998,34.93,34.765,34.835,64397
3/12/2020 13:24,34.955,35.01,34.755,34.79,99799
3/12/2020 13:23,34.9,35.07,34.84,34.96,80155
3/12/2020 13:22,34.7,34.9,34.7,34.9,76651
3/12/2020 13:21,34.915,34.915,34.71,34.71,90210
3/12/2020 13:20,34.91,34.97,34.825,34.91,81651
3/12/2020 13:19,34.82,34.95,34.8067,34.8901,40202
3/12/2020 13:18,34.84,34.9,34.81,34.83,28339
3/12/2020 13:17,35.08,35.08,34.82,34.84,66751
3/12/2020 13:16,35.004,35.09,34.82,35.08,72436
3/12/2020 13:15,34.91,35.05,34.71,35.01,82306
3/12/2020 13:14,34.84,34.94,34.74,34.92,97401
3/12/2020 13:13,35.11,35.17,34.83,34.85,135651
3/12/2020 13:12,35.33,35.36,35.11,35.11,60871
3/12/2020 13:11,35.45,35.57,35.3,35.33,86051
3/12/2020 13:10,35.385,35.53,35.17,35.4501,69689
3/12/2020 13:09,35.12,35.43,35.08,35.38,82702
3/12/2020 13:08,35.5682,35.5682,35.1,35.15,72458
3/12/2020 13:07,35.818,35.818,35.3201,35.58,95172
3/12/2020 13:06,35.51,35.82,35.51,35.81,96934
3/12/2020 13:05,35.34,35.59,35.23,35.51,95835
3/12/2020 13:04,35.1,35.35,35.1,35.35,143769
3/12/2020 13:03,34.9601,35.09,34.93,35.09,104176
3/12/2020 13:02,34.571,34.985,34.571,34.97,87502
3/12/2020 13:01,34.71,34.72,34.42,34.575,85681
3/12/2020 13:00,34.68,34.98,34.675,34.71,171355
3/12/2020 12:59,34.58,34.72,34.5,34.675,127491
3/12/2020 12:58,34.25,34.59,34.25,34.59,106870
3/12/2020 12:57,34.25,34.38,34.22,34.23,180016
3/12/2020 12:56,34.155,34.25,34.1,34.23,151030
3/12/2020 12:55,34.09,34.41,34.09,34.15,145499
3/12/2020 12:54,33.835,34.1,33.83,34.1,144140
3/12/2020 12:53,33.7399,33.85,33.7,33.84,51850
3/12/2020 12:52,33.68,33.79,33.66,33.73,77180
3/12/2020 12:51,33.59,33.7,33.5801,33.68,55233
3/12/2020 12:50,33.605,33.63,33.59,33.595,39944
3/12/2020 12:49,33.625,33.63,33.5825,33.605,66367
3/12/2020 12:48,33.66,33.69,33.6201,33.625,60411
3/12/2020 12:47,33.67,33.67,33.6,33.655,92272
3/12/2020 12:46,33.615,33.67,33.58,33.67,118045
3/12/2020 12:45,33.615,33.64,33.59,33.615,35949
3/12/2020 12:44,33.605,33.63,33.585,33.615,41197
3/12/2020 12:43,33.6,33.63,33.58,33.6007,76101
3/12/2020 12:42,33.625,33.63,33.59,33.59,80420
3/12/2020 12:41,33.725,33.725,33.61,33.6268,70187
3/12/2020 12:40,33.7269,33.81,33.7238,33.725,58195
3/12/2020 12:39,33.67,33.73,33.6601,33.725,60350
3/12/2020 12:38,33.6,33.72,33.6,33.6701,76902
3/12/2020 12:37,33.6431,33.65,33.6,33.6055,34709
3/12/2020 12:36,33.62,33.64,33.6,33.64,62134
3/12/2020 12:35,33.685,33.73,33.62,33.6399,78635
3/12/2020 12:34,33.69,33.71,33.68,33.685,48264
3/12/2020 12:33,33.675,33.73,33.665,33.69,60917
3/12/2020 12:32,33.695,33.72,33.67,33.6763,64341
3/12/2020 12:31,33.8,33.8,33.695,33.695,95053
3/12/2020 12:30,33.955,33.97,33.7975,33.81,130925
3/12/2020 12:29,33.94,33.96,33.87,33.9527,143876
3/12/2020 12:28,33.85,33.96,33.84,33.95,64316
3/12/2020 12:27,33.9,33.91,33.815,33.845,70635
3/12/2020 12:26,33.91,33.91,33.91,33.91,104737
3/12/2020 12:25,33.7625,33.875,33.75,33.8702,83931
3/12/2020 12:24,33.77,33.77,33.77,33.77,122784
3/12/2020 12:23,33.69,33.7,33.655,33.69,82072
3/12/2020 12:22,33.6204,33.695,33.62,33.695,66849
3/12/2020 12:21,33.6026,33.69,33.6,33.6289,80782
3/12/2020 12:20,33.615,33.64,33.6,33.605,88116
3/12/2020 12:19,33.69,33.699,33.605,33.605,84098
3/12/2020 12:18,33.78,33.82,33.685,33.7,148962
3/12/2020 12:17,33.765,33.79,33.72,33.7358,50713
3/12/2020 12:16,33.745,33.76,33.675,33.76,67277
3/12/2020 12:15,33.72,33.78,33.7,33.7407,56873
3/12/2020 12:14,33.7201,33.7201,33.7201,33.7201,90299
3/12/2020 12:13,33.665,33.68,33.63,33.645,38855
3/12/2020 12:12,33.725,33.725,33.66,33.665,54935
3/12/2020 12:11,33.775,33.775,33.72,33.725,67070
3/12/2020 12:10,33.805,33.8199,33.77,33.77,55459
3/12/2020 12:09,33.8301,33.845,33.82,33.83,35830
3/12/2020 12:08,33.84,33.885,33.82,33.83,107290
3/12/2020 12:07,33.865,33.88,33.84,33.8466,44975
3/12/2020 12:06,33.905,33.91,33.86,33.865,53563
3/12/2020 12:05,33.975,33.99,33.9,33.9,97042
3/12/2020 12:04,33.905,34.03,33.9,33.975,109092
3/12/2020 12:03,33.92,33.955,33.88,33.909,44024
3/12/2020 12:02,33.95,33.965,33.8588,33.91,116668
3/12/2020 12:01,34.045,34.056,33.95,33.95,42202
3/12/2020 12:00,34.0895,34.0895,34.04,34.045,41044
3/12/2020 11:59,34.05,34.11,34.05,34.0899,59626
3/12/2020 11:58,34.09,34.1,34.0399,34.045,76007
3/12/2020 11:57,34.07,34.115,34.03,34.085,80197
3/12/2020 11:56,34.0001,34.105,34.0001,34.075,50253
3/12/2020 11:55,34.04,34.05,33.98,34,58246
3/12/2020 11:54,33.9909,34.045,33.96,34.035,72887
3/12/2020 11:53,34,34.01,33.92,34,140124
3/12/2020 11:52,34.1472,34.15,34,34,63846
3/12/2020 11:51,34.21,34.2101,34.1287,34.14,81240
3/12/2020 11:50,34.2569,34.28,34.21,34.22,87793
3/12/2020 11:49,34.26,34.28,34.25,34.2501,54269
3/12/2020 11:48,34.22,34.26,34.22,34.25,35298
3/12/2020 11:47,34.225,34.23,34.22,34.23,17079
3/12/2020 11:46,34.275,34.29,34.22,34.2212,46610
3/12/2020 11:45,34.255,34.3,34.25,34.28,49441
3/12/2020 11:44,34.31,34.32,34.245,34.255,51446
3/12/2020 11:43,34.24,34.31,34.23,34.31,72697
3/12/2020 11:42,34.29,34.29,34.205,34.25,65962
3/12/2020 11:41,34.36,34.39,34.295,34.295,43023
3/12/2020 11:40,34.3201,34.3664,34.31,34.36,47547
3/12/2020 11:39,34.361,34.38,34.3001,34.32,54821
3/12/2020 11:38,34.427,34.44,34.35,34.365,57165
3/12/2020 11:37,34.48,34.51,34.39,34.42,95340
3/12/2020 11:36,34.455,34.54,34.455,34.48,339483
3/12/2020 11:35,34.515,34.515,34.41,34.45,96863
3/12/2020 11:34,34.565,34.63,34.51,34.51,80631
3/12/2020 11:33,34.565,34.59,34.535,34.567,53612
3/12/2020 11:32,34.48,34.58,34.48,34.5627,73079
3/12/2020 11:31,34.52,34.545,34.47,34.48,60311
3/12/2020 11:30,34.4781,34.53,34.45,34.53,89052
3/12/2020 11:29,34.505,34.51,34.45,34.47,44613
3/12/2020 11:28,34.47,34.54,34.45,34.5,78310
3/12/2020 11:27,34.515,34.53,34.46,34.465,80918
3/12/2020 11:26,34.49,34.56,34.47,34.515,80030
3/12/2020 11:25,34.49,34.49,34.49,34.49,47412
3/12/2020 11:24,34.47,34.47,34.47,34.47,60034
3/12/2020 11:23,34.345,34.41,34.345,34.382,64650
3/12/2020 11:22,34.19,34.27,34.18,34.27,34440
3/12/2020 11:21,34.18,34.18,34.18,34.18,54240
3/12/2020 11:20,34.32,34.32,34.22,34.2223,81006
3/12/2020 11:19,34.29,34.33,34.29,34.32,47759
3/12/2020 11:18,34.25,34.3003,34.24,34.28,62758
3/12/2020 11:17,34.265,34.29,34.24,34.25,56553
3/12/2020 11:16,34.16,34.305,34.15,34.265,86972
3/12/2020 11:15,34.21,34.2101,34.15,34.175,61534
3/12/2020 11:14,34.2443,34.5694,34.1655,34.2254,239467
3/12/2020 11:13,34.285,34.2926,34.21,34.23,83065
3/12/2020 11:12,34.36,34.37,34.25,34.28,203001
3/12/2020 11:11,34.435,34.45,34.36,34.3699,32798
3/12/2020 11:10,34.49,34.5,34.4025,34.43,71145
3/12/2020 11:09,34.57,34.62,34.48,34.5,105898
3/12/2020 11:08,34.675,34.695,34.56,34.575,58208
3/12/2020 11:07,34.625,34.69,34.61,34.67,106035
3/12/2020 11:06,34.55,34.63,34.54,34.625,53653
3/12/2020 11:05,34.42,34.55,34.4,34.55,60641
3/12/2020 11:04,34.435,34.445,34.4,34.4165,43295
3/12/2020 11:03,34.455,34.49,34.415,34.43,58330
3/12/2020 11:02,34.6,34.605,34.45,34.4558,119355
3/12/2020 11:01,34.66,34.685,34.59,34.595,103870
3/12/2020 11:00,34.73,34.77,34.65,34.65,95160
3/12/2020 10:59,34.55,34.73,34.5401,34.7201,79500
3/12/2020 10:58,34.62,34.62,34.52,34.5589,62657
3/12/2020 10:57,34.565,34.635,34.555,34.62,61673
3/12/2020 10:56,34.8141,34.82,34.545,34.57,83209
3/12/2020 10:55,34.775,34.9,34.771,34.82,138425
3/12/2020 10:54,34.64,34.79,34.64,34.78,105680
3/12/2020 10:53,34.44,34.6401,34.435,34.6401,315690
3/12/2020 10:52,34.375,34.48,34.3501,34.45,90223
3/12/2020 10:51,34.335,34.375,34.25,34.3701,96248
3/12/2020 10:50,34.267,34.375,34.25,34.3307,104655
3/12/2020 10:49,34.14,34.28,34.13,34.265,81274
3/12/2020 10:48,34.115,34.22,34.0801,34.135,229347
3/12/2020 10:47,34.11,34.19,34.0599,34.12,130548
3/12/2020 10:46,34.1,34.17,34.07,34.12,102130
3/12/2020 10:45,34.12,34.17,34.07,34.095,133063
3/12/2020 10:44,34.02,34.14,33.9901,34.12,95273
3/12/2020 10:43,34.03,34.05,34,34.02,77060
3/12/2020 10:42,34.02,34.13,34.0188,34.03,112653
3/12/2020 10:41,34,34.135,33.995,34.025,176015
3/12/2020 10:40,34.045,34.07,33.995,34,81423
3/12/2020 10:39,34.18,34.2,34.04,34.055,136514
3/12/2020 10:38,34.15,34.24,34.12,34.19,193353
3/12/2020 10:37,34.06,34.19,34.05,34.16,115612
3/12/2020 10:36,34.145,34.16,34,34.05,104266
3/12/2020 10:35,34.01,34.23,33.99,34.14,124954
3/12/2020 10:34,34.06,34.095,33.95,34,91162
3/12/2020 10:33,34.19,34.2,34,34.06,118012
3/12/2020 10:32,34.085,34.205,34.0409,34.18,90185
3/12/2020 10:31,33.96,34.0999,33.865,34.0999,107632
3/12/2020 10:30,33.97,34.0119,33.93,33.98,82412
3/12/2020 10:29,34.005,34.08,33.93,33.9607,88781
3/12/2020 10:28,34.15,34.19,34,34.005,87945
3/12/2020 10:27,34.065,34.2154,34.01,34.155,72829
3/12/2020 10:26,34.05,34.135,34.01,34.06,102164
3/12/2020 10:25,33.93,34.1,33.9001,34.04,176400
3/12/2020 10:24,34.035,34.0862,33.93,33.93,170070
3/12/2020 10:23,34.0401,34.11,34,34.03,104045
3/12/2020 10:22,34.04,34.11,33.975,34.0481,100221
3/12/2020 10:21,34.195,34.22,34.03,34.05,88431
3/12/2020 10:20,34.14,34.2,34.07,34.2,92274
3/12/2020 10:19,34.15,34.19,34.0943,34.13,77440
3/12/2020 10:18,34.252,34.26,34.125,34.15,80358
3/12/2020 10:17,34.4,34.45,34.17,34.26,95939
3/12/2020 10:16,34.19,34.42,34.185,34.42,96880
3/12/2020 10:15,34.1907,34.31,34.12,34.19,81639
3/12/2020 10:14,34.11,34.22,34.05,34.2,83057
3/12/2020 10:13,34.29,34.365,34.0239,34.11,100668
3/12/2020 10:12,34.1101,34.345,34.11,34.29,106616
3/12/2020 10:11,34.035,34.12,33.88,34.12,124735
3/12/2020 10:10,33.995,34.17,33.91,34.035,114019
3/12/2020 10:09,34.11,34.15,33.9787,33.99,197847
3/12/2020 10:08,34.122,34.29,34.09,34.115,128367
3/12/2020 10:07,34.14,34.31,34.08,34.12,172506
3/12/2020 10:06,34.2,34.49,34.105,34.13,197071
3/12/2020 10:05,34.14,34.26,34.14,34.2,124645
3/12/2020 10:04,34.535,34.535,34.14,34.14,111135
3/12/2020 10:03,34.35,34.65,34.21,34.535,139984
3/12/2020 10:02,34.75,34.75,34.32,34.345,101674
3/12/2020 10:01,34.88,34.88,34.59,34.74,142587
3/12/2020 10:00,34.85,34.92,34.85,34.89,121219
3/12/2020 9:59,34.87,34.88,34.83,34.85,150155
3/12/2020 9:58,34.22,34.83,34.22,34.83,213281
3/12/2020 9:57,33.8627,34.0727,33.8627,34.0727,114575
3/12/2020 9:56,33.64,33.84,33.64,33.84,121290
3/12/2020 9:55,33.54,33.65,33.54,33.65,112100
3/12/2020 9:54,33.75,33.75,33.54,33.54,84272
3/12/2020 9:53,34.2101,34.2101,33.76,33.76,112340
3/12/2020 9:52,33.99,34.245,33.99,34.245,216240
3/12/2020 9:51,33.79,33.79,33.79,33.79,222747
3/12/2020 9:36,33.67,33.78,33.64,33.67,189451
3/12/2020 9:35,33.76,33.765,33.76,33.765,137010
3/12/2020 9:34,33.72,33.92,33.67,33.78,166250
3/12/2020 9:33,34.23,34.4,33.67,33.71,273226
3/12/2020 9:32,34.245,34.245,34.245,34.245,189952
3/12/2020 9:31,34.43,34.43,34.43,34.43,1370596
3/11/2020 16:00,37.08,37.11,36.98,37.03,886536
3/11/2020 15:59,37.15,37.1527,37.05,37.085,379366
3/11/2020 15:58,37.13,37.16,37.07,37.14,329390
3/11/2020 15:57,37.04,37.18,37.03,37.135,356030
3/11/2020 15:56,37.08,37.17,37.02,37.04,388159
3/11/2020 15:55,37.34,37.385,37.07,37.08,381405
3/11/2020 15:54,37.13,37.35,37.125,37.34,283467
3/11/2020 15:53,37.005,37.14,36.99,37.125,813968
3/11/2020 15:51,37.23,37.23,37.155,37.155,21863
3/11/2020 15:50,37.29,37.32,37.2,37.24,248959
3/11/2020 15:49,37.09,37.31,37.075,37.28,156946
3/11/2020 15:48,37.205,37.24,37.09,37.1,216797
3/11/2020 15:47,37.335,37.35,37.2,37.215,187090
3/11/2020 15:46,37.3,37.355,37.25,37.335,168038
3/11/2020 15:45,37.36,37.37,37.23,37.3,187077
3/11/2020 15:44,37.375,37.375,37.235,37.35,201858
3/11/2020 15:43,37.455,37.49,37.33,37.38,217261
3/11/2020 15:42,37.38,37.465,37.37,37.46,199748
3/11/2020 15:41,37.28,37.45,37.2396,37.38,346822
3/11/2020 15:40,37.2,37.34,37.2,37.28,4494899
3/11/2020 15:39,37.16,37.28,37.12,37.19,366555
3/11/2020 15:38,37.02,37.19,37.01,37.16,262616
3/11/2020 15:37,36.965,37.07,36.94,37.02,233566
3/11/2020 15:36,37.01,37.075,36.965,36.965,302460
3/11/2020 15:35,36.945,37.1,36.945,37.01,313763
3/11/2020 15:34,36.715,36.99,36.71,36.945,421908
3/11/2020 15:33,36.775,36.79,36.6646,36.72,304929
3/11/2020 15:32,36.65,36.78,36.64,36.775,308361
3/11/2020 15:31,36.68,36.7,36.61,36.64,256332
3/11/2020 15:30,36.72,36.74,36.675,36.685,327820
3/11/2020 15:29,36.57,36.76,36.55,36.72,168920
3/11/2020 15:28,36.65,36.66,36.555,36.57,142466
3/11/2020 15:27,36.53,36.6686,36.53,36.65,242221
3/11/2020 15:26,36.45,36.54,36.45,36.525,123397
3/11/2020 15:25,36.425,36.48,36.4,36.4487,239397
3/11/2020 15:24,36.47,36.5,36.42,36.425,131215
3/11/2020 15:23,36.48,36.52,36.45,36.465,205448
3/11/2020 15:22,36.48,36.541,36.47,36.48,170001
3/11/2020 15:21,36.525,36.5452,36.475,36.475,156599
3/11/2020 15:20,36.57,36.57,36.465,36.525,178777
3/11/2020 15:19,36.52,36.6,36.515,36.56,110606
3/11/2020 15:18,36.43,36.57,36.43,36.52,150764
3/11/2020 15:17,36.495,36.5,36.385,36.43,226190
3/11/2020 15:16,36.4,36.5,36.4,36.4981,176760
3/11/2020 15:15,36.3929,36.43,36.39,36.395,96374
3/11/2020 15:14,36.445,36.445,36.37,36.4,148126
3/11/2020 15:13,36.455,36.475,36.425,36.44,109992
3/11/2020 15:12,36.565,36.58,36.4501,36.455,130477
3/11/2020 15:11,36.495,36.575,36.495,36.565,180955
3/11/2020 15:10,36.48,36.52,36.46,36.49,78505
3/11/2020 15:09,36.465,36.53,36.45,36.485,153872
3/11/2020 15:08,36.52,36.52,36.44,36.465,157686
3/11/2020 15:07,36.52,36.56,36.51,36.52,154770
3/11/2020 15:06,36.575,36.59,36.51,36.52,257857
3/11/2020 15:05,36.58,36.6,36.55,36.575,529097
3/11/2020 15:04,36.6945,36.7,36.57,36.575,176863
3/11/2020 15:03,36.7952,36.805,36.6956,36.6956,66509
3/11/2020 15:02,36.77,36.8,36.74,36.795,80536
3/11/2020 15:01,36.67,36.78,36.67,36.765,81356
3/11/2020 15:00,36.74,36.77,36.68,36.68,94765
3/11/2020 14:59,36.76,36.83,36.72,36.74,87971
3/11/2020 14:58,36.745,36.8,36.74,36.75,150166
3/11/2020 14:57,36.745,36.7899,36.73,36.75,91669
3/11/2020 14:56,36.75,36.84,36.735,36.74,75593
3/11/2020 14:55,36.78,36.79,36.72,36.745,106261
3/11/2020 14:54,36.855,36.865,36.77,36.78,68875
3/11/2020 14:53,36.86,36.94,36.805,36.86,123645
3/11/2020 14:52,36.87,36.93,36.865,36.87,78076
3/11/2020 14:51,36.86,36.91,36.85,36.865,65433
3/11/2020 14:50,36.985,36.985,36.86,36.86,67542
3/11/2020 14:49,36.93,37.005,36.91,36.99,64656
3/11/2020 14:48,36.925,36.95,36.89,36.925,62827
3/11/2020 14:47,36.925,36.99,36.92,36.92,56393
3/11/2020 14:46,36.76,36.95,36.76,36.92,94810
3/11/2020 14:45,36.82,36.835,36.72,36.7573,78479
3/11/2020 14:44,36.86,36.91,36.78,36.82,99981
3/11/2020 14:43,36.82,36.87,36.795,36.87,111503
3/11/2020 14:42,36.78,36.93,36.76,36.815,130627
3/11/2020 14:41,36.77,36.94,36.745,36.77,354837
3/11/2020 14:40,36.76,36.84,36.705,36.78,232816
3/11/2020 14:39,36.73,36.765,36.7,36.745,132052
3/11/2020 14:38,36.8125,36.8125,36.71,36.725,153642
3/11/2020 14:37,36.825,36.91,36.81,36.82,109961
3/11/2020 14:36,36.74,36.825,36.705,36.825,88665
3/11/2020 14:35,36.76,36.76,36.7,36.725,226722
3/11/2020 14:34,36.872,36.92,36.765,36.765,292270
3/11/2020 14:33,36.84,36.91,36.805,36.875,230296
3/11/2020 14:32,36.795,36.86,36.7601,36.845,136492
3/11/2020 14:31,36.8,36.845,36.76,36.79,167200
3/11/2020 14:30,36.835,36.84,36.79,36.805,101512
3/11/2020 14:29,36.865,36.8752,36.815,36.84,81390
3/11/2020 14:28,36.805,36.885,36.805,36.87,111961
3/11/2020 14:27,36.85,36.86,36.8,36.805,150612
3/11/2020 14:26,36.855,36.87,36.83,36.85,49339
3/11/2020 14:25,36.81,36.86,36.81,36.855,104334
3/11/2020 14:24,36.845,36.86,36.81,36.815,127836
3/11/2020 14:23,36.855,36.86,36.8,36.85,118966
3/11/2020 14:22,36.9,36.92,36.85,36.855,94218
3/11/2020 14:21,36.885,36.9346,36.88,36.905,75341
3/11/2020 14:20,36.86,36.896,36.86,36.885,101082
3/11/2020 14:19,36.89,36.93,36.8601,36.865,83236
3/11/2020 14:18,36.855,36.9,36.855,36.89,176365
3/11/2020 14:16,36.92,36.93,36.9,36.93,129685
3/11/2020 14:15,37,37.02,36.91,36.915,66429
3/11/2020 14:14,37.0333,37.05,36.98,36.9931,50468
3/11/2020 14:13,36.99,37.04,36.96,37.03,62252
3/11/2020 14:12,36.9674,37.05,36.965,36.99,63130
3/11/2020 14:11,36.97,37.01,36.96,36.965,43838
3/11/2020 14:10,36.94,36.98,36.92,36.965,116807
3/11/2020 14:09,36.995,37.03,36.93,36.935,111032
3/11/2020 14:08,37.055,37.055,36.99,37,157148
3/11/2020 14:07,37.035,37.09,37.02,37.06,98413
3/11/2020 14:06,37.035,37.05,37.01,37.0351,103427
3/11/2020 14:05,37.04,37.05,37.01,37.03,55630
3/11/2020 14:04,37.11,37.125,37.02,37.035,166669
3/11/2020 14:03,37.215,37.23,37.1,37.116,114312
3/11/2020 14:02,37.29,37.29,37.2101,37.215,70736
3/11/2020 14:01,37.275,37.325,37.275,37.29,73494
3/11/2020 14:00,37.28,37.31,37.27,37.275,84813
3/11/2020 13:59,37.35,37.37,37.28,37.28,50299
3/11/2020 13:58,37.35,37.39,37.325,37.3578,57000
3/11/2020 13:57,37.31,37.39,37.3,37.36,124556
3/11/2020 13:56,37.275,37.32,37.2725,37.31,109828
3/11/2020 13:55,37.2713,37.31,37.2532,37.275,94215
3/11/2020 13:54,37.33,37.349,37.265,37.2726,51821
3/11/2020 13:53,37.335,37.35,37.3,37.33,35904
3/11/2020 13:52,37.365,37.37,37.3,37.325,39698
3/11/2020 13:51,37.42,37.44,37.36,37.365,29340
3/11/2020 13:50,37.46,37.5,37.415,37.42,80497
3/11/2020 13:49,37.38,37.46,37.375,37.455,58568
3/11/2020 13:48,37.345,37.45,37.345,37.3781,77363
3/11/2020 13:47,37.32,37.37,37.315,37.345,81845
3/11/2020 13:46,37.33,37.36,37.31,37.315,101764
3/11/2020 13:45,37.385,37.3851,37.35,37.35,70757
3/11/2020 13:44,37.42,37.445,37.38,37.38,139381
3/11/2020 13:43,37.48,37.48,37.415,37.42,78702
3/11/2020 13:42,37.52,37.55,37.48,37.48,179378
3/11/2020 13:41,37.51,37.54,37.5,37.52,36935
3/11/2020 13:40,37.52,37.545,37.51,37.5164,40478
3/11/2020 13:39,37.53,37.545,37.5,37.51,60445
3/11/2020 13:38,37.54,37.55,37.52,37.53,28760
3/11/2020 13:37,37.54,37.55,37.52,37.53,38718
3/11/2020 13:36,37.58,37.58,37.53,37.54,45156
3/11/2020 13:35,37.61,37.61,37.57,37.575,38949
3/11/2020 13:34,37.64,37.65,37.6,37.605,60302
3/11/2020 13:33,37.67,37.695,37.64,37.64,21849
3/11/2020 13:32,37.72,37.725,37.66,37.675,50715
3/11/2020 13:31,37.69,37.73,37.63,37.72,61931
3/11/2020 13:30,37.63,37.69,37.63,37.68,47034
3/11/2020 13:29,37.63,37.64,37.6,37.625,35460
3/11/2020 13:28,37.715,37.715,37.62,37.64,60991
3/11/2020 13:27,37.61,37.74,37.61,37.715,99869
3/11/2020 13:26,37.53,37.6,37.515,37.6,42257
3/11/2020 13:25,37.54,37.56,37.52,37.525,21875
3/11/2020 13:24,37.585,37.585,37.525,37.535,37346
3/11/2020 13:23,37.64,37.6501,37.575,37.585,46435
3/11/2020 13:22,37.65,37.67,37.59,37.6364,85604
3/11/2020 13:21,37.59,37.66,37.59,37.645,42280
3/11/2020 13:20,37.59,37.625,37.55,37.6,48797
3/11/2020 13:19,37.56,37.6,37.55,37.59,47151
3/11/2020 13:18,37.58,37.59,37.52,37.55,43898
3/11/2020 13:17,37.59,37.6238,37.555,37.575,36839
3/11/2020 13:16,37.53,37.66,37.52,37.585,128100
3/11/2020 13:15,37.6,37.6204,37.52,37.5222,87529
3/11/2020 13:14,37.59,37.64,37.575,37.6,68396
3/11/2020 13:13,37.58,37.6,37.545,37.595,100572
3/11/2020 13:12,37.545,37.61,37.545,37.58,48135
3/11/2020 13:11,37.56,37.61,37.55,37.55,60884
3/11/2020 13:10,37.555,37.57,37.54,37.555,29676
3/11/2020 13:09,37.56,37.57,37.54,37.555,31818
3/11/2020 13:08,37.62,37.635,37.5547,37.555,66787
3/11/2020 13:07,37.535,37.62,37.53,37.62,92319
3/11/2020 13:06,37.58,37.599,37.53,37.535,76569
3/11/2020 13:05,37.64,37.645,37.575,37.58,50710
3/11/2020 13:04,37.6701,37.699,37.63,37.64,28845
3/11/2020 13:03,37.655,37.7,37.6237,37.69,37376
3/11/2020 13:02,37.67,37.7,37.64,37.65,95701
3/11/2020 13:01,37.7864,37.79,37.68,37.68,53054
3/11/2020 13:00,37.81,37.84,37.77,37.79,56915
3/11/2020 12:59,37.7,37.83,37.69,37.8,71383
3/11/2020 12:58,37.7,37.72,37.67,37.697,85585
3/11/2020 12:57,37.7,37.77,37.685,37.69,94766
3/11/2020 12:56,37.73,37.735,37.68,37.7,81524
3/11/2020 12:55,37.8,37.82,37.73,37.7318,56934
3/11/2020 12:54,37.8,37.84,37.785,37.804,43250
3/11/2020 12:53,37.85,37.92,37.805,37.81,80819
3/11/2020 12:52,37.74,37.88,37.73,37.85,152954
3/11/2020 12:51,37.79,37.81,37.725,37.7353,55447
3/11/2020 12:50,37.79,37.79,37.78,37.79,235742
3/11/2020 12:47,37.875,37.88,37.855,37.8582,185243
3/11/2020 12:46,37.98,38.08,37.98,38.04,155278
3/11/2020 12:45,37.91,37.995,37.91,37.98,221204
3/11/2020 12:44,37.97,37.97,37.91,37.915,587893
3/11/2020 12:43,37.89,37.98,37.84,37.97,218859
3/11/2020 12:42,37.91,37.915,37.89,37.89,173492
3/11/2020 12:41,37.91,37.94,37.9,37.91,74324
3/11/2020 12:40,37.91,37.93,37.88,37.905,135950
3/11/2020 12:39,37.925,37.94,37.91,37.92,127486
3/11/2020 12:38,37.94,37.945,37.8807,37.93,328043
3/11/2020 12:37,37.9151,37.96,37.87,37.9414,149373
3/11/2020 12:36,38.05,38.065,37.9005,37.915,42471
3/11/2020 12:35,38.0234,38.08,38.01,38.05,636561
3/11/2020 12:34,38.04,38.06,38.015,38.02,92842
3/11/2020 12:33,38.045,38.05,37.99,38.03,168812
3/11/2020 12:32,38.03,38.06,38.025,38.04,55560
3/11/2020 12:31,38.06,38.07,38.01,38.02,117785
3/11/2020 12:30,38.09,38.09,38.05,38.06,51787
3/11/2020 12:29,38.045,38.11,38.045,38.075,67848
3/11/2020 12:28,38.085,38.1,38.04,38.05,128029
3/11/2020 12:27,38.115,38.1475,38.07,38.085,75623
3/11/2020 12:26,38.155,38.16,38.11,38.11,57905
3/11/2020 12:25,38.15,38.21,38.15,38.15,228576
3/11/2020 12:24,38.15,38.17,38.11,38.145,51732
3/11/2020 12:23,38.18,38.18,38.095,38.145,214105
3/11/2020 12:22,38.22,38.24,38.17,38.185,153551
3/11/2020 12:21,38.195,38.25,38.195,38.22,46818
3/11/2020 12:20,38.21,38.27,38.2,38.2,90254
3/11/2020 12:19,38.13,38.22,38.13,38.21,59040
3/11/2020 12:18,38.1,38.13,38.07,38.125,94185
3/11/2020 12:17,38.15,38.175,38.09,38.09,43469
3/11/2020 12:16,38.125,38.165,38.125,38.15,43384
3/11/2020 12:15,38.165,38.19,38.12,38.13,83589
3/11/2020 12:14,38.105,38.17,38.08,38.17,44022
3/11/2020 12:13,38.055,38.12,38.03,38.1,57845
3/11/2020 12:12,38.04,38.075,38.02,38.055,238170
3/11/2020 12:11,38.01,38.04,38,38.037,72916
3/11/2020 12:10,38.0167,38.03,37.97,38.02,198935
3/11/2020 12:09,37.985,38.04,37.985,38.01,59250
3/11/2020 12:08,37.96,37.99,37.9,37.985,64373
3/11/2020 12:07,38.01,38.015,37.945,37.96,37287
3/11/2020 12:06,37.9,38.0062,37.9,38.0062,122719
3/11/2020 12:05,37.85,37.93,37.85,37.905,63793
3/11/2020 12:04,37.72,37.85,37.71,37.84,39616
3/11/2020 12:03,37.7734,37.79,37.7239,37.7299,21401
3/11/2020 12:02,37.8094,37.82,37.775,37.79,52501
3/11/2020 12:01,37.84,37.8452,37.78,37.81,67518
3/11/2020 12:00,37.77,37.88,37.77,37.84,81141
3/11/2020 11:59,37.71,37.78,37.68,37.77,44369
3/11/2020 11:58,37.73,37.735,37.6689,37.7,47447
3/11/2020 11:57,37.72,37.76,37.7,37.73,95314
3/11/2020 11:56,37.815,37.82,37.705,37.714,73001
3/11/2020 11:55,37.82,37.835,37.79,37.82,143644
3/11/2020 11:53,37.9,37.9,37.88,37.88,111225
3/11/2020 11:52,37.99,37.99,37.935,37.94,171326
3/11/2020 11:51,37.96,38,37.96,37.99,14935
3/11/2020 11:50,37.94,38,37.92,37.959,55688
3/11/2020 11:49,37.9347,38,37.9107,37.93,59680
3/11/2020 11:48,37.9,37.94,37.86,37.93,31610
3/11/2020 11:47,37.94,37.95,37.83,37.89,93309
3/11/2020 11:46,37.915,37.99,37.905,37.93,140293
3/11/2020 11:45,37.875,37.96,37.8572,37.91,39794
3/11/2020 11:44,37.87,37.905,37.85,37.87,45665
3/11/2020 11:43,37.92,37.93,37.855,37.87,54428
3/11/2020 11:42,37.92,37.935,37.9,37.915,55176
3/11/2020 11:41,37.99,38.025,37.915,37.93,128520
3/11/2020 11:40,38.01,38.02,37.98,37.99,49262
3/11/2020 11:39,38,38.04,37.96,38.01,139830
3/11/2020 11:38,38,38.01,37.93,37.99,151772
3/11/2020 11:37,37.893,38,37.8899,37.995,85149
3/11/2020 11:36,37.95,37.96,37.89,37.89,39003
3/11/2020 11:35,37.995,38.018,37.955,37.955,79741
3/11/2020 11:34,38.04,38.04,37.98,37.99,125732
3/11/2020 11:33,38,38.05,37.98,38.035,101707
3/11/2020 11:32,38.02,38.02,37.94,38,169643
3/11/2020 11:31,37.89,38.02,37.87,38.02,279203
3/11/2020 11:30,37.9,37.91,37.86,37.88,193337
3/11/2020 11:29,37.795,37.9,37.78,37.9,107562
3/11/2020 11:28,37.75,37.8,37.74,37.8,93974
3/11/2020 11:27,37.76,37.77,37.71,37.755,59433
3/11/2020 11:26,37.79,37.81,37.76,37.76,141893
3/11/2020 11:25,37.86,37.86,37.78,37.79,89357
3/11/2020 11:24,37.91,37.95,37.851,37.857,77786
3/11/2020 11:23,37.895,37.93,37.8894,37.9,62683
3/11/2020 11:22,37.95,37.9552,37.8826,37.9,76080
3/11/2020 11:21,37.9885,38.01,37.95,37.95,71791
3/11/2020 11:20,38.065,38.07,37.9405,37.98,156554
3/11/2020 11:19,38.09,38.115,38.06,38.065,46010
3/11/2020 11:18,38.11,38.14,38.09,38.09,89426
3/11/2020 11:17,38.16,38.165,38.09,38.11,101307
3/11/2020 11:16,38.22,38.235,38.15,38.16,70698
3/11/2020 11:15,38.27,38.3,38.22,38.235,47736
3/11/2020 11:14,38.25,38.3,38.21,38.27,49565
3/11/2020 11:13,38.245,38.335,38.22,38.25,102104
3/11/2020 11:12,38.3,38.3,38.215,38.2423,57395
3/11/2020 11:11,38.36,38.36,38.28,38.29,159165
3/11/2020 11:10,38.24,38.38,38.215,38.36,122847
3/11/2020 11:09,38.295,38.31,38.24,38.245,46173
3/11/2020 11:08,38.33,38.34,38.28,38.29,53422
3/11/2020 11:07,38.355,38.37,38.3,38.34,42170
3/11/2020 11:06,38.3109,38.3775,38.3109,38.355,47203
3/11/2020 11:05,38.41,38.415,38.31,38.32,85608
3/11/2020 11:04,38.46,38.48,38.405,38.415,27568
3/11/2020 11:03,38.415,38.51,38.375,38.47,61332
3/11/2020 11:02,38.38,38.47,38.375,38.42,52581
3/11/2020 11:01,38.43,38.44,38.375,38.38,88670
3/11/2020 11:00,38.33,38.46,38.315,38.43,129854
3/11/2020 10:59,38.2,38.32,38.1826,38.32,75634
3/11/2020 10:58,38.22,38.24,38.2,38.2011,22581
3/11/2020 10:57,38.25,38.27,38.2,38.22,71891
3/11/2020 10:56,38.285,38.33,38.255,38.255,71966
3/11/2020 10:55,38.315,38.325,38.26,38.295,30244
3/11/2020 10:54,38.31,38.33,38.275,38.305,31964
3/11/2020 10:53,38.34,38.39,38.28,38.3,53295
3/11/2020 10:52,38.28,38.35,38.28,38.35,82297
3/11/2020 10:51,38.26,38.32,38.26,38.29,42202
3/11/2020 10:50,38.36,38.4,38.26,38.28,83292
3/11/2020 10:49,38.395,38.4401,38.33,38.36,48081
3/11/2020 10:48,38.455,38.47,38.38,38.39,44814
3/11/2020 10:47,38.46,38.57,38.46,38.4699,162973
3/11/2020 10:46,38.3275,38.46,38.3275,38.46,30502
3/11/2020 10:45,38.325,38.38,38.32,38.32,52578
3/11/2020 10:44,38.375,38.3772,38.32,38.33,56553
3/11/2020 10:43,38.39,38.44,38.365,38.38,35308
3/11/2020 10:42,38.35,38.45,38.345,38.39,79406
3/11/2020 10:41,38.38,38.41,38.3455,38.3455,45061
3/11/2020 10:40,38.49,38.5,38.36,38.39,66133
3/11/2020 10:39,38.44,38.51,38.41,38.49,59817
3/11/2020 10:38,38.37,38.465,38.35,38.43,56825
3/11/2020 10:37,38.5,38.51,38.37,38.375,64771
3/11/2020 10:36,38.61,38.61,38.49,38.515,48400
3/11/2020 10:35,38.54,38.63,38.495,38.595,73950
3/11/2020 10:34,38.56,38.59,38.5,38.55,52055
3/11/2020 10:33,38.52,38.6,38.52,38.553,49107
3/11/2020 10:32,38.445,38.54,38.43,38.529,42764
3/11/2020 10:31,38.48,38.505,38.44,38.445,72127
3/11/2020 10:30,38.45,38.5253,38.425,38.49,64698
3/11/2020 10:29,38.53,38.5399,38.45,38.46,75275
3/11/2020 10:28,38.58,38.6,38.525,38.53,71415
3/11/2020 10:27,38.6431,38.6431,38.575,38.585,61676
3/11/2020 10:26,38.57,38.64,38.53,38.64,47940
3/11/2020 10:25,38.5932,38.5932,38.52,38.57,58232
3/11/2020 10:24,38.65,38.655,38.57,38.59,70967
3/11/2020 10:23,38.57,38.66,38.545,38.645,46819
3/11/2020 10:22,38.62,38.63,38.56,38.575,44998
3/11/2020 10:21,38.65,38.67,38.59,38.62,116331
3/11/2020 10:20,38.67,38.69,38.62,38.65,75012
3/11/2020 10:19,38.6731,38.72,38.645,38.67,88695
3/11/2020 10:18,38.705,38.72,38.64,38.67,45491
3/11/2020 10:17,38.66,38.705,38.615,38.705,62777
3/11/2020 10:16,38.68,38.71,38.63,38.665,59481
3/11/2020 10:15,38.77,38.77,38.68,38.68,53072
3/11/2020 10:14,38.76,38.79,38.69,38.77,32565
3/11/2020 10:13,38.74,38.79,38.68,38.76,38673
3/11/2020 10:12,38.76,38.77,38.64,38.74,67153
3/11/2020 10:11,38.795,38.8599,38.7575,38.7575,32805
3/11/2020 10:10,38.81,38.825,38.745,38.8,50737
3/11/2020 10:09,38.75,38.9,38.74,38.815,76534
3/11/2020 10:08,38.68,38.79,38.64,38.755,61033
3/11/2020 10:07,38.79,38.8,38.6327,38.71,40496
3/11/2020 10:06,38.74,38.795,38.72,38.79,66356
3/11/2020 10:05,38.72,38.77,38.69,38.73,79875
3/11/2020 10:04,38.795,38.819,38.7139,38.715,49734
3/11/2020 10:03,38.85,38.87,38.76,38.795,57922
3/11/2020 10:02,38.93,38.95,38.85,38.85,66993
3/11/2020 10:01,38.91,38.955,38.79,38.93,188538
3/11/2020 10:00,38.95,38.98,38.88,38.92,55777
3/11/2020 9:59,39,39.045,38.9,38.94,70211
3/11/2020 9:58,39.05,39.05,39.0367,39.0367,68743
3/11/2020 9:57,38.87,38.955,38.87,38.955,87771
3/11/2020 9:56,38.865,38.92,38.865,38.92,52568
3/11/2020 9:55,38.94,38.94,38.9,38.9,58553
3/11/2020 9:54,39.03,39.04,39.02,39.04,62167
3/11/2020 9:53,38.98,39.03,38.98,39.03,153617
3/11/2020 9:52,38.915,38.965,38.915,38.965,58001
3/11/2020 9:51,38.89,38.89,38.86,38.86,53800
3/11/2020 9:50,39.05,39.05,38.93,38.93,64171
3/11/2020 9:49,38.93,39.03,38.93,39.03,86037
3/11/2020 9:48,38.915,38.99,38.915,38.99,48002
3/11/2020 9:47,39.1,39.1,38.99,38.99,81777
3/11/2020 9:46,38.995,39.08,38.995,39.08,106230
3/11/2020 9:45,39.01,39.01,39,39,99306
3/11/2020 9:44,39.11,39.11,39.08,39.1,117023
3/11/2020 9:43,38.95,39.09,38.95,39.09,116379
3/11/2020 9:42,38.8699,38.94,38.8699,38.94,180576
3/11/2020 9:41,38.99,38.99,38.88,38.88,153155
3/11/2020 9:40,38.9069,39.08,38.9069,39.08,302235
3/11/2020 9:39,39.04,39.04,38.9755,38.9755,132466
3/11/2020 9:38,38.99,39.0945,38.99,39.0945,136357
3/11/2020 9:37,38.95,38.97,38.95,38.97,150869
3/11/2020 9:36,38.92,39.04,38.92,39.04,105949
3/11/2020 9:35,38.99,38.99,38.92,38.92,216905
3/11/2020 9:34,38.87,38.87,38.81,38.81,221345
3/11/2020 9:33,38.985,39.04,38.94,38.94,115305
3/11/2020 9:32,38.94,38.98,38.8169,38.98,113181
3/11/2020 9:31,39.01,39.12,38.9064,38.95,740558
3/10/2020 16:00,40.04,40.145,40.03,40.11,1156781
3/10/2020 15:59,39.97,40.04,39.905,40.04,427474
3/10/2020 15:58,40.095,40.12,39.94,39.97,464763
3/10/2020 15:57,40.01,40.12,40.01,40.1,287361
3/10/2020 15:56,39.98,40.025,39.95,40.02,424385
3/10/2020 15:55,39.925,39.9881,39.89,39.985,475260
3/10/2020 15:54,39.84,39.94,39.84,39.9275,240563
3/10/2020 15:53,39.875,39.88,39.8,39.8375,203481
3/10/2020 15:52,39.88,39.91,39.855,39.875,192522
3/10/2020 15:51,39.85,39.89,39.82,39.88,252557
3/10/2020 15:50,39.81,39.9,39.8,39.857,125165
3/10/2020 15:49,39.7,39.81,39.7,39.8049,195021
3/10/2020 15:48,39.72,39.77,39.7,39.7,148121
3/10/2020 15:47,39.78,39.78,39.68,39.73,154071
3/10/2020 15:46,39.61,39.78,39.61,39.7729,134331
3/10/2020 15:45,39.67,39.7,39.6,39.6,92605
3/10/2020 15:44,39.713,39.76,39.59,39.67,148007
3/10/2020 15:43,39.74,39.77,39.66,39.71,199216
3/10/2020 15:42,39.7,39.75,39.67,39.74,125524
3/10/2020 15:41,39.7,39.74,39.625,39.69,380794
3/10/2020 15:40,39.695,39.77,39.67,39.7,351287
3/10/2020 15:39,39.57,39.7,39.5227,39.7,257050
3/10/2020 15:38,39.62,39.62,39.535,39.56,348953
3/10/2020 15:37,39.59,39.63,39.55,39.62,121365
3/10/2020 15:36,39.47,39.59,39.44,39.59,153519
3/10/2020 15:35,39.63,39.635,39.47,39.47,145763
3/10/2020 15:34,39.53,39.645,39.52,39.62,164360
3/10/2020 15:33,39.43,39.56,39.42,39.5251,237418
3/10/2020 15:32,39.51,39.52,39.4,39.43,113323
3/10/2020 15:31,39.55,39.64,39.51,39.5118,152376
3/10/2020 15:30,39.67,39.6837,39.55,39.555,110874
3/10/2020 15:29,39.65,39.72,39.64,39.67,111899
3/10/2020 15:28,39.65,39.665,39.587,39.65,111303
3/10/2020 15:27,39.69,39.69,39.54,39.645,172074
3/10/2020 15:26,39.765,39.77,39.65,39.69,81800
3/10/2020 15:25,39.8,39.82,39.76,39.77,121317
3/10/2020 15:24,39.9,39.9,39.77,39.79,144283
3/10/2020 15:23,39.88,39.92,39.87,39.9,90690
3/10/2020 15:22,39.85,39.89,39.82,39.89,138045
3/10/2020 15:21,39.9,39.9,39.77,39.85,121691
3/10/2020 15:20,39.81,39.93,39.79,39.9,194434
3/10/2020 15:19,39.698,39.83,39.68,39.825,178216
3/10/2020 15:18,39.66,39.73,39.63,39.69,158179
3/10/2020 15:17,39.5353,39.66,39.52,39.65,117183
3/10/2020 15:16,39.63,39.66,39.5,39.525,104686
3/10/2020 15:15,39.6,39.65,39.585,39.62,66214
3/10/2020 15:14,39.66,39.67,39.575,39.6,124849
3/10/2020 15:13,39.68,39.69,39.59,39.65,72917
3/10/2020 15:12,39.625,39.7,39.625,39.67,72295
3/10/2020 15:11,39.52,39.65,39.51,39.63,113596
3/10/2020 15:10,39.49,39.57,39.47,39.52,91410
3/10/2020 15:09,39.5597,39.6,39.47,39.5,152135
3/10/2020 15:08,39.63,39.65,39.52,39.555,126487
3/10/2020 15:07,39.64,39.68,39.59,39.635,114712
3/10/2020 15:06,39.67,39.69,39.6113,39.635,145146
3/10/2020 15:05,39.5799,39.68,39.5799,39.66,100189
3/10/2020 15:04,39.47,39.59,39.465,39.57,94496
3/10/2020 15:03,39.38,39.46,39.37,39.46,50649
3/10/2020 15:02,39.505,39.51,39.37,39.38,75333
3/10/2020 15:01,39.4665,39.58,39.4665,39.505,141388
3/10/2020 15:00,39.36,39.48,39.36,39.45,101541
3/10/2020 14:59,39.28,39.4,39.26,39.36,51867
3/10/2020 14:58,39.42,39.43,39.26,39.28,139431
3/10/2020 14:57,39.52,39.52,39.395,39.415,98775
3/10/2020 14:56,39.52,39.57,39.43,39.53,116029
3/10/2020 14:55,39.49,39.53,39.405,39.5,161594
3/10/2020 14:54,39.46,39.48,39.4,39.48,65171
3/10/2020 14:53,39.45,39.51,39.42,39.46,84346
3/10/2020 14:52,39.41,39.45,39.34,39.44,133522
3/10/2020 14:51,39.61,39.62,39.39,39.41,137711
3/10/2020 14:50,39.51,39.63,39.46,39.605,99948
3/10/2020 14:49,39.59,39.61,39.48,39.52,80914
3/10/2020 14:48,39.475,39.61,39.475,39.6,145524
3/10/2020 14:47,39.39,39.47,39.39,39.465,101324
3/10/2020 14:46,39.47,39.4799,39.38,39.4,87935
3/10/2020 14:45,39.46,39.49,39.42,39.48,58397
3/10/2020 14:44,39.46,39.465,39.36,39.46,57696
3/10/2020 14:43,39.48,39.505,39.42,39.4593,97780
3/10/2020 14:42,39.26,39.48,39.26,39.48,170740
3/10/2020 14:41,39.21,39.29,39.15,39.2565,89530
3/10/2020 14:40,39.24,39.28,39.2,39.21,85182
3/10/2020 14:39,39.24,39.3,39.22,39.24,76100
3/10/2020 14:38,39.33,39.33,39.235,39.24,56919
3/10/2020 14:37,39.29,39.36,39.25,39.345,147866
3/10/2020 14:36,39.22,39.32,39.21,39.3,52496
3/10/2020 14:35,39.19,39.24,39.185,39.225,48857
3/10/2020 14:34,39.12,39.2,39.12,39.1801,64838
3/10/2020 14:33,39.07,39.135,39.03,39.115,67741
3/10/2020 14:32,39.05,39.095,39,39.07,80388
3/10/2020 14:31,39.06,39.075,38.99,39.06,55488
3/10/2020 14:30,38.99,39.1,38.99,39.06,124637
3/10/2020 14:29,38.93,39.01,38.911,38.97,88568
3/10/2020 14:28,38.8,38.95,38.78,38.94,62581
3/10/2020 14:27,38.85,38.86,38.79,38.8049,55984
3/10/2020 14:26,38.84,38.86,38.83,38.85,33325
3/10/2020 14:25,38.91,38.91,38.84,38.85,57424
3/10/2020 14:24,39.005,39.005,38.88,38.9,94390
3/10/2020 14:23,39.07,39.0988,38.99,39,57795
3/10/2020 14:22,39.05,39.08,39.03,39.075,53315
3/10/2020 14:21,38.96,39.08,38.94,39.0481,82195
3/10/2020 14:20,38.91,38.98,38.91,38.9341,40205
3/10/2020 14:19,38.96,38.98,38.9,38.91,34959
3/10/2020 14:18,38.92,38.9732,38.91,38.9529,39067
3/10/2020 14:17,38.95,38.98,38.9,38.93,70992
3/10/2020 14:16,38.94,39.04,38.92,38.94,127351
3/10/2020 14:15,38.845,38.95,38.83,38.94,68153
3/10/2020 14:14,38.885,38.95,38.815,38.845,86327
3/10/2020 14:13,38.82,38.8879,38.82,38.88,46885
3/10/2020 14:12,38.815,38.87,38.8,38.82,67302
3/10/2020 14:11,38.83,38.88,38.74,38.81,68736
3/10/2020 14:10,38.71,38.85,38.68,38.835,81074
3/10/2020 14:09,38.605,38.725,38.585,38.72,63534
3/10/2020 14:08,38.68,38.68,38.58,38.6,74984
3/10/2020 14:07,38.52,38.7,38.52,38.67,112642
3/10/2020 14:06,38.63,38.6395,38.52,38.53,60116
3/10/2020 14:05,38.605,38.7,38.59,38.63,67019
3/10/2020 14:04,38.6,38.65,38.6,38.61,48841
3/10/2020 14:03,38.565,38.65,38.56,38.61,55896
3/10/2020 14:02,38.6031,38.61,38.52,38.56,39950
3/10/2020 14:01,38.78,38.78,38.59,38.59,92355
3/10/2020 14:00,38.78,38.82,38.73,38.77,65678
3/10/2020 13:59,38.715,38.79,38.7,38.77,91457
3/10/2020 13:58,38.6,38.72,38.6,38.71,79076
3/10/2020 13:57,38.625,38.66,38.56,38.59,107269
3/10/2020 13:56,38.56,38.63,38.555,38.62,92584
3/10/2020 13:55,38.56,38.6,38.54,38.5693,48811
3/10/2020 13:54,38.735,38.735,38.55,38.56,85186
3/10/2020 13:53,38.695,38.76,38.68,38.735,68265
3/10/2020 13:52,38.695,38.71,38.64,38.69,125723
3/10/2020 13:51,38.65,38.74,38.65,38.7,74886
3/10/2020 13:50,38.64,38.67,38.62,38.65,70967
3/10/2020 13:49,38.555,38.67,38.54,38.65,91174
3/10/2020 13:48,38.58,38.68,38.55,38.55,81860
3/10/2020 13:47,38.6837,38.69,38.561,38.575,103968
3/10/2020 13:46,38.76,38.76,38.68,38.68,50128
3/10/2020 13:45,38.82,38.825,38.72,38.76,59962
3/10/2020 13:44,38.7237,38.85,38.7237,38.81,106907
3/10/2020 13:43,38.65,38.75,38.64,38.73,72298
3/10/2020 13:42,38.73,38.74,38.63,38.655,100504
3/10/2020 13:41,38.83,38.86,38.705,38.715,119276
3/10/2020 13:40,38.81,38.83,38.72,38.82,112950
3/10/2020 13:39,38.88,38.96,38.81,38.82,97948
3/10/2020 13:38,38.86,38.92,38.83,38.88,86909
3/10/2020 13:37,38.96,38.97,38.865,38.87,95316
3/10/2020 13:36,39.06,39.06,38.93,38.94,68005
3/10/2020 13:35,38.965,39.08,38.93,39.05,140501
3/10/2020 13:34,38.8,38.96,38.77,38.96,57206
3/10/2020 13:33,38.865,38.865,38.78,38.81,55816
3/10/2020 13:32,38.885,38.97,38.85,38.87,97695
3/10/2020 13:31,38.88,38.97,38.83,38.875,172053
3/10/2020 13:30,38.85,38.92,38.83,38.88,53554
3/10/2020 13:29,38.89,38.92,38.82,38.85,52555
3/10/2020 13:28,38.82,38.92,38.82,38.89,40766
3/10/2020 13:27,38.91,38.91,38.81,38.83,91704
3/10/2020 13:26,39.01,39.03,38.87,38.905,94172
3/10/2020 13:25,39.035,39.1,39.005,39.005,67758
3/10/2020 13:24,38.955,39.08,38.95,39.04,78423
3/10/2020 13:23,38.98,39.03,38.96,38.96,96496
3/10/2020 13:22,39.06,39.09,38.95,38.98,111191
3/10/2020 13:21,38.92,39.06,38.92,39.0534,124381
3/10/2020 13:20,38.95,38.99,38.87,38.92,74896
3/10/2020 13:19,38.895,38.96,38.88,38.96,39724
3/10/2020 13:18,38.66,38.9,38.66,38.89,58964
3/10/2020 13:17,38.87,38.88,38.65,38.65,62860
3/10/2020 13:16,38.93,38.94,38.865,38.87,120234
3/10/2020 13:15,38.9,38.92,38.86,38.91,97954
3/10/2020 13:14,38.79,38.91,38.75,38.91,82265
3/10/2020 13:13,38.79,38.84,38.75,38.79,76334
3/10/2020 13:12,38.745,38.87,38.715,38.79,85613
3/10/2020 13:11,38.88,38.91,38.7,38.7473,101528
3/10/2020 13:10,38.81,38.92,38.81,38.89,123009
3/10/2020 13:09,38.665,38.83,38.63,38.815,97425
3/10/2020 13:08,38.48,38.67,38.46,38.66,145365
3/10/2020 13:07,38.4,38.51,38.37,38.51,95119
3/10/2020 13:06,38.48,38.53,38.37,38.39,91901
3/10/2020 13:05,38.44,38.505,38.4,38.48,64973
3/10/2020 13:04,38.38,38.45,38.38,38.43,54514
3/10/2020 13:03,38.3965,38.45,38.36,38.385,58690
3/10/2020 13:02,38.5,38.59,38.38,38.3865,169501
3/10/2020 13:01,38.55,38.5671,38.45,38.4974,68994
3/10/2020 13:00,38.64,38.7,38.56,38.56,50283
3/10/2020 12:59,38.61,38.7,38.61,38.66,50373
3/10/2020 12:58,38.63,38.69,38.59,38.6,70680
3/10/2020 12:57,38.67,38.675,38.57,38.63,60429
3/10/2020 12:56,38.67,38.695,38.62,38.6799,67989
3/10/2020 12:55,38.565,38.66,38.54,38.65,44721
3/10/2020 12:54,38.54,38.61,38.49,38.56,65392
3/10/2020 12:53,38.5,38.52,38.43,38.52,49281
3/10/2020 12:52,38.37,38.51,38.33,38.5,64610
3/10/2020 12:51,38.42,38.46,38.35,38.36,77582
3/10/2020 12:50,38.47,38.48,38.395,38.42,76585
3/10/2020 12:49,38.46,38.52,38.41,38.48,65877
3/10/2020 12:48,38.46,38.51,38.44,38.46,56422
3/10/2020 12:47,38.585,38.59,38.4416,38.465,76737
3/10/2020 12:46,38.54,38.605,38.45,38.58,103229
3/10/2020 12:45,38.48,38.55,38.45,38.55,89500
3/10/2020 12:44,38.4,38.51,38.345,38.5,70062
3/10/2020 12:43,38.23,38.44,38.225,38.4,65614
3/10/2020 12:42,38.34,38.34,38.22,38.23,74352
3/10/2020 12:41,38.4234,38.435,38.34,38.35,39170
3/10/2020 12:40,38.33,38.47,38.3285,38.42,87081
3/10/2020 12:39,38.3368,38.43,38.32,38.33,82801
3/10/2020 12:38,38.35,38.41,38.33,38.3432,77292
3/10/2020 12:37,38.175,38.355,38.175,38.34,54740
3/10/2020 12:36,38.22,38.22,38.14,38.19,106267
3/10/2020 12:35,38.2,38.26,38.135,38.225,82407
3/10/2020 12:34,38.21,38.25,38.15,38.19,68315
3/10/2020 12:33,38.25,38.26,38.17,38.22,78494
3/10/2020 12:32,38.33,38.34,38.22,38.2435,46628
3/10/2020 12:31,38.37,38.39,38.33,38.34,73351
3/10/2020 12:30,38.43,38.45,38.38,38.38,85970
3/10/2020 12:29,38.46,38.5,38.44,38.44,47586
3/10/2020 12:28,38.4249,38.48,38.42,38.455,31903
3/10/2020 12:27,38.56,38.64,38.41,38.42,86108
3/10/2020 12:26,38.63,38.63,38.535,38.56,33566
3/10/2020 12:25,38.57,38.63,38.51,38.62,48919
3/10/2020 12:24,38.52,38.6,38.5035,38.57,25388
3/10/2020 12:23,38.51,38.5617,38.495,38.5172,39643
3/10/2020 12:22,38.61,38.61,38.5,38.5,36426
3/10/2020 12:21,38.67,38.67,38.56,38.6199,71335
3/10/2020 12:20,38.623,38.73,38.623,38.66,56664
3/10/2020 12:19,38.56,38.635,38.55,38.61,72919
3/10/2020 12:18,38.69,38.705,38.56,38.5649,68584
3/10/2020 12:17,38.72,38.77,38.68,38.7,60809
3/10/2020 12:16,38.7,38.745,38.66,38.72,56177
3/10/2020 12:15,38.675,38.76,38.66,38.69,82241
3/10/2020 12:14,38.69,38.7131,38.63,38.68,86483
3/10/2020 12:13,38.5,38.68,38.49,38.68,189810
3/10/2020 12:11,38.49,38.52,38.47,38.51,77479
3/10/2020 12:10,38.42,38.485,38.37,38.45,98016
3/10/2020 12:09,38.36,38.43,38.29,38.43,71150
3/10/2020 12:08,38.39,38.41,38.3,38.36,105835
3/10/2020 12:07,38.24,38.39,38.24,38.38,88377
3/10/2020 12:06,38.31,38.325,38.23,38.24,49545
3/10/2020 12:05,38.4,38.42,38.305,38.31,56344
3/10/2020 12:04,38.47,38.47,38.34,38.38,48034
3/10/2020 12:03,38.42,38.51,38.4,38.46,102694
3/10/2020 12:02,38.34,38.44,38.29,38.42,52815
3/10/2020 12:01,38.09,38.35,38.08,38.3203,73270
3/10/2020 12:00,38.211,38.25,38.09,38.09,55363
3/10/2020 11:59,38.07,38.22,38.07,38.22,62417
3/10/2020 11:58,37.95,38.07,37.925,38.065,41727
3/10/2020 11:57,38.07,38.095,37.96,37.96,44086
3/10/2020 11:56,38.02,38.15,38,38.08,50809
3/10/2020 11:55,37.9659,38.02,37.92,38.02,50150
3/10/2020 11:54,38.08,38.1,37.95,37.97,71807
3/10/2020 11:53,38.12,38.12,37.9794,38.07,64373
3/10/2020 11:52,38.095,38.19,38.095,38.13,57357
3/10/2020 11:51,38.22,38.28,38.095,38.1,77798
3/10/2020 11:50,38.3541,38.36,38.24,38.24,52625
3/10/2020 11:49,38.3064,38.38,38.29,38.36,50869
3/10/2020 11:48,38.35,38.37,38.27,38.31,65246
3/10/2020 11:47,38.31,38.4,38.31,38.34,53978
3/10/2020 11:46,38.2575,38.33,38.18,38.322,120828
3/10/2020 11:45,38.11,38.2799,38.08,38.26,59148
3/10/2020 11:44,38.14,38.18,38.06,38.1154,62519
3/10/2020 11:43,37.95,38.2,37.95,38.16,68041
3/10/2020 11:42,37.95,38.07,37.93,37.9657,70391
3/10/2020 11:41,38.1,38.16,37.93,37.94,90088
3/10/2020 11:40,37.96,38.1591,37.96,38.1,94718
3/10/2020 11:39,37.95,37.955,37.87,37.95,52938
3/10/2020 11:38,37.985,38.02,37.93,37.96,40941
3/10/2020 11:37,37.975,38.06,37.9201,37.985,47221
3/10/2020 11:36,38.02,38.12,37.96,37.97,72525
3/10/2020 11:35,38.045,38.19,38,38.02,74629
3/10/2020 11:34,38.01,38.145,38.01,38.0376,76009
3/10/2020 11:33,38.01,38.06,37.98,38,67369
3/10/2020 11:32,37.91,38.095,37.9001,38.01,134984
3/10/2020 11:31,38.03,38.09,37.91,37.91,129619
3/10/2020 11:30,38.28,38.28,38.0273,38.03,70714
3/10/2020 11:29,38.27,38.33,38.2374,38.27,87901
3/10/2020 11:28,38.11,38.28,38.1,38.2711,79445
3/10/2020 11:27,38.02,38.2099,38.01,38.13,144823
3/10/2020 11:26,38.16,38.19,38.015,38.03,66210
3/10/2020 11:25,38.29,38.29,38.15,38.16,56151
3/10/2020 11:24,38.26,38.31,38.23,38.295,77316
3/10/2020 11:23,38.33,38.34,38.24,38.25,80589
3/10/2020 11:22,38.325,38.4009,38.28,38.331,85962
3/10/2020 11:21,38.38,38.4,38.3,38.3298,62421
3/10/2020 11:20,38.43,38.44,38.341,38.37,60499
3/10/2020 11:19,38.445,38.46,38.395,38.43,57968
3/10/2020 11:18,38.51,38.51,38.4,38.44,112375
3/10/2020 11:17,38.54,38.59,38.48,38.505,63710
3/10/2020 11:16,38.53,38.55,38.48,38.52,54044
3/10/2020 11:15,38.575,38.605,38.5237,38.53,41257
3/10/2020 11:14,38.66,38.67,38.55,38.57,59483
3/10/2020 11:13,38.64,38.72,38.64,38.65,49628
3/10/2020 11:12,38.72,38.725,38.61,38.61,81056
3/10/2020 11:11,38.79,38.81,38.7,38.73,66198
3/10/2020 11:10,38.83,38.85,38.79,38.8,42712
3/10/2020 11:09,38.692,38.84,38.68,38.8217,48608
3/10/2020 11:08,38.66,38.74,38.64,38.6994,45560
3/10/2020 11:07,38.62,38.745,38.615,38.66,66030
3/10/2020 11:06,38.61,38.66,38.585,38.62,44647
3/10/2020 11:05,38.67,38.7,38.605,38.61,34194
3/10/2020 11:04,38.585,38.685,38.565,38.67,56036
3/10/2020 11:03,38.5274,38.595,38.505,38.59,37026
3/10/2020 11:02,38.58,38.58,38.5187,38.52,57343
3/10/2020 11:01,38.6,38.61,38.51,38.58,88712
3/10/2020 11:00,38.66,38.68,38.58,38.59,57895
3/10/2020 10:59,38.705,38.7052,38.62,38.67,62454
3/10/2020 10:58,38.71,38.725,38.66,38.705,87474
3/10/2020 10:57,38.635,38.725,38.6107,38.715,58048
3/10/2020 10:56,38.575,38.66,38.55,38.63,48931
3/10/2020 10:55,38.6205,38.6205,38.57,38.575,33851
3/10/2020 10:54,38.65,38.6678,38.58,38.63,61983
3/10/2020 10:53,38.73,38.7312,38.63,38.65,131016
3/10/2020 10:52,38.72,38.76,38.7,38.735,74018
3/10/2020 10:51,38.74,38.8054,38.725,38.73,71747
3/10/2020 10:50,38.81,38.825,38.73,38.74,34109
3/10/2020 10:49,38.85,38.865,38.8,38.81,38835
3/10/2020 10:48,38.855,38.88,38.8,38.85,82106
3/10/2020 10:47,39.01,39.01,38.84,38.86,84787
3/10/2020 10:46,38.97,39.04,38.94,39,58701
3/10/2020 10:45,39.01,39.03,38.97,38.975,50153
3/10/2020 10:44,38.93,39.02,38.9192,39.01,60814
3/10/2020 10:43,39.05,39.08,38.91,38.9273,182667
3/10/2020 10:42,39.05,39.06,39,39.06,42662
3/10/2020 10:41,39.095,39.13,39.05,39.05,54473
3/10/2020 10:40,39.12,39.18,39.08,39.1,39270
3/10/2020 10:39,39.115,39.14,39.06,39.11,52547
3/10/2020 10:38,39.15,39.155,39.09,39.11,85926
3/10/2020 10:37,39.23,39.26,39.14,39.155,63124
3/10/2020 10:36,39.2215,39.29,39.2,39.23,74939
3/10/2020 10:35,39.12,39.23,39.12,39.225,53703
3/10/2020 10:34,39.1452,39.16,39.12,39.135,72707
3/10/2020 10:33,39.145,39.1581,39.08,39.15,116360
3/10/2020 10:32,39.15,39.18,39.1,39.135,147291
3/10/2020 10:31,39.14,39.19,39.13,39.16,78492
3/10/2020 10:30,39.16,39.165,39.11,39.14,56929
3/10/2020 10:29,39.15,39.1863,39.13,39.16,83107
3/10/2020 10:28,39.18,39.185,39.12,39.15,96508
3/10/2020 10:27,39.225,39.235,39.175,39.19,75559
3/10/2020 10:26,39.23,39.23,39.18,39.22,94895
3/10/2020 10:25,39.24,39.315,39.21,39.23,79345
3/10/2020 10:24,39.195,39.23,39.13,39.23,110075
3/10/2020 10:23,39.2999,39.32,39.16,39.2,80977
3/10/2020 10:22,39.28,39.32,39.23,39.29,127894
3/10/2020 10:21,39.125,39.295,39.125,39.285,88221
3/10/2020 10:20,39.12,39.17,39.08,39.12,131540
3/10/2020 10:19,39.02,39.135,39.0101,39.125,46970
3/10/2020 10:18,38.98,39.06,38.97,39.025,43307
3/10/2020 10:17,39.03,39.075,38.98,38.98,63315
3/10/2020 10:16,39.13,39.1658,39.01,39.03,48607
3/10/2020 10:15,39.105,39.1741,39.09,39.14,44571
3/10/2020 10:14,39.2,39.2,39.09,39.11,104813
3/10/2020 10:13,39.2004,39.25,39.19,39.205,58830
3/10/2020 10:12,39.1749,39.22,39.155,39.2,57963
3/10/2020 10:11,39.17,39.2,39.15,39.18,67441
3/10/2020 10:10,39.175,39.2,39.155,39.17,40675
3/10/2020 10:09,39.16,39.18,39.135,39.1726,56510
3/10/2020 10:08,39.1034,39.15,39.1034,39.125,64235
3/10/2020 10:07,39.03,39.1001,39.03,39.1001,38048
3/10/2020 10:06,39.07,39.0899,39,39.02,83164
3/10/2020 10:05,39.1414,39.149,39.07,39.08,61817
3/10/2020 10:04,39.175,39.175,39.13,39.15,50230
3/10/2020 10:03,39.09,39.19,39.09,39.1701,49775
3/10/2020 10:02,39,39.18,38.985,39.08,64360
3/10/2020 10:01,39.125,39.13,38.98,38.995,87687
3/10/2020 10:00,39.17,39.21,39.13,39.13,64781
3/10/2020 9:59,39.18,39.18,39.17,39.17,59389
3/10/2020 9:58,39.185,39.19,39.16,39.16,106184
3/10/2020 9:57,39.175,39.1842,39.175,39.1842,61502
3/10/2020 9:56,39.085,39.16,39.085,39.16,67313
3/10/2020 9:55,39.088,39.09,39.088,39.09,90407
3/10/2020 9:54,38.93,39.03,38.93,39.03,138334
3/10/2020 9:53,38.9293,38.94,38.91,38.91,55510
3/10/2020 9:52,38.97,38.97,38.87,38.87,73540
3/10/2020 9:51,38.9,38.985,38.9,38.985,99767
3/10/2020 9:50,38.9245,38.95,38.9245,38.95,41918
3/10/2020 9:49,38.92,38.93,38.92,38.92,47826
3/10/2020 9:48,39.01,39.01,38.96,38.96,75933
3/10/2020 9:47,39.0801,39.0801,39,39,73514
3/10/2020 9:46,39,39.08,39,39.08,104660
3/10/2020 9:45,39.05,39.05,39.015,39.015,94179
3/10/2020 9:44,38.92,39.04,38.92,39.04,71900
3/10/2020 9:43,39.01,39.02,38.96,38.96,160900
3/10/2020 9:42,39.01,39.03,39.01,39.03,65404
3/10/2020 9:41,38.99,39.02,38.99,39.02,103501
3/10/2020 9:40,39.06,39.078,39.06,39.078,69218
3/10/2020 9:39,39.08,39.08,39.07,39.08,83510
3/10/2020 9:38,39.09,39.09,39.08,39.08,85724
3/10/2020 9:37,39.12,39.12,39.05,39.05,103500
3/10/2020 9:36,39.34,39.34,39.1268,39.1268,115984
3/10/2020 9:35,39.41,39.41,39.3,39.3,134929
3/10/2020 9:34,39.37,39.49,39.34,39.37,125758
3/10/2020 9:33,39.33,39.41,39.22,39.39,118242
3/10/2020 9:32,39.46,39.49,39.25,39.34,139052
3/10/2020 9:31,39.325,39.58,39.09,39.46,936513
3/9/2020 16:00,38.05,38.08,37.94,37.94,781335
3/9/2020 15:59,38.125,38.15,38.04,38.05,439686
3/9/2020 15:58,38.275,38.28,38.12,38.125,457931
3/9/2020 15:57,38.38,38.385,38.27,38.275,401038
3/9/2020 15:56,38.42,38.46,38.35,38.38,407952
3/9/2020 15:55,38.34,38.48,38.32,38.435,486060
3/9/2020 15:54,38.51,38.515,38.32,38.33,297090
3/9/2020 15:53,38.45,38.54,38.43,38.51,405045
3/9/2020 15:52,38.32,38.49,38.32,38.46,374997
3/9/2020 15:51,38.61,38.61,38.3,38.305,508891
3/9/2020 15:50,38.715,38.75,38.63,38.63,223852
3/9/2020 15:49,38.66,38.75,38.615,38.72,179478
3/9/2020 15:48,38.66,38.71,38.61,38.67,142631
3/9/2020 15:47,38.53,38.74,38.5,38.66,272393
3/9/2020 15:46,38.59,38.62,38.48,38.53,388853
3/9/2020 15:45,38.59,38.67,38.55,38.59,174714
3/9/2020 15:44,38.63,38.64,38.56,38.585,104780
3/9/2020 15:43,38.67,38.6857,38.6,38.625,93302
3/9/2020 15:42,38.725,38.78,38.63,38.665,136067
3/9/2020 15:41,38.7295,38.78,38.685,38.72,125930
3/9/2020 15:40,38.68,38.74,38.63,38.728,159521
3/9/2020 15:39,38.67,38.75,38.65,38.68,144271
3/9/2020 15:38,38.595,38.68,38.58,38.67,96128
3/9/2020 15:37,38.515,38.61,38.515,38.59,116659
3/9/2020 15:36,38.49,38.58,38.48,38.52,120915
3/9/2020 15:35,38.39,38.5,38.365,38.49,148240
3/9/2020 15:34,38.43,38.46,38.34,38.39,293765
3/9/2020 15:33,38.39,38.455,38.365,38.44,266603
3/9/2020 15:32,38.34,38.47,38.34,38.39,156882
3/9/2020 15:31,38.49,38.49,38.32,38.34,139681
3/9/2020 15:30,38.615,38.615,38.43,38.485,111661
3/9/2020 15:29,38.56,38.64,38.555,38.625,143438
3/9/2020 15:28,38.545,38.61,38.53,38.56,105950
3/9/2020 15:27,38.58,38.64,38.54,38.54,111562
3/9/2020 15:26,38.475,38.6,38.425,38.575,125007
3/9/2020 15:25,38.41,38.475,38.38,38.471,88511
3/9/2020 15:24,38.35,38.44,38.3145,38.405,132334
3/9/2020 15:23,38.2163,38.41,38.215,38.345,159874
3/9/2020 15:22,38.15,38.25,38.15,38.22,81865
3/9/2020 15:21,38.18,38.2,38.13,38.15,108285
3/9/2020 15:20,38.32,38.32,38.18,38.19,87250
3/9/2020 15:19,38.27,38.36,38.25,38.31,111997
3/9/2020 15:18,38.24,38.36,38.24,38.275,97223
3/9/2020 15:17,38.15,38.245,38.15,38.24,116592
3/9/2020 15:16,38.135,38.24,38.11,38.15,121981
3/9/2020 15:15,38.23,38.23,38.1317,38.14,112768
3/9/2020 15:14,38.275,38.295,38.22,38.2343,167855
3/9/2020 15:13,38.245,38.31,38.245,38.28,205848
3/9/2020 15:12,38.26,38.27,38.175,38.24,182833
3/9/2020 15:11,38.32,38.32,38.19,38.26,131788
3/9/2020 15:10,38.37,38.42,38.26,38.31,103355
3/9/2020 15:09,38.28,38.41,38.23,38.37,132481
3/9/2020 15:08,38.3,38.37,38.27,38.28,91282
3/9/2020 15:07,38.35,38.43,38.215,38.2957,107609
3/9/2020 15:06,38.38,38.4059,38.328,38.355,57099
3/9/2020 15:05,38.31,38.45,38.28,38.36,182642
3/9/2020 15:04,38.13,38.31,38.11,38.31,163421
3/9/2020 15:03,38.21,38.22,38.11,38.13,153079
3/9/2020 15:02,38.1546,38.24,38.12,38.21,232344
3/9/2020 15:01,38.111,38.17,38.08,38.15,94967
3/9/2020 15:00,38.2,38.24,38.11,38.11,98860
3/9/2020 14:59,38.16,38.23,38.155,38.205,270251
3/9/2020 14:58,38.11,38.22,38.11,38.1661,138298
3/9/2020 14:57,38.115,38.13,38.04,38.11,82213
3/9/2020 14:56,38.105,38.1299,38.05,38.12,117606
3/9/2020 14:55,38.09,38.16,38.08,38.11,99358
3/9/2020 14:54,38.01,38.1,38,38.0858,115068
3/9/2020 14:53,38.06,38.06,37.98,38.02,89044
3/9/2020 14:52,38.05,38.16,38.04,38.065,141384
3/9/2020 14:51,37.84,38.07,37.84,38.06,154217
3/9/2020 14:50,37.8625,37.88,37.82,37.84,93528
3/9/2020 14:49,37.9381,37.9381,37.85,37.87,69916
3/9/2020 14:48,37.8569,37.95,37.83,37.93,132948
3/9/2020 14:47,37.79,37.91,37.79,37.8597,104997
3/9/2020 14:46,37.74,37.81,37.72,37.7942,117021
3/9/2020 14:45,37.73,37.7734,37.71,37.74,96347
3/9/2020 14:44,37.775,37.79,37.705,37.7353,89408
3/9/2020 14:43,37.78,37.7968,37.73,37.775,104638
3/9/2020 14:42,37.85,37.855,37.78,37.785,104220
3/9/2020 14:41,37.91,37.94,37.84,37.86,79141
3/9/2020 14:40,37.91,37.99,37.87,37.915,167756
3/9/2020 14:39,37.84,37.9,37.8,37.9,64288
3/9/2020 14:38,37.87,37.89,37.75,37.83,128879
3/9/2020 14:37,37.88,37.895,37.84,37.86,73275
3/9/2020 14:36,37.92,37.93,37.85,37.89,56666
3/9/2020 14:35,37.93,37.99,37.88,37.922,81634
3/9/2020 14:34,37.86,38,37.85,37.93,133353
3/9/2020 14:33,37.88,37.9,37.85,37.86,64553
3/9/2020 14:32,37.86,37.92,37.85,37.88,73148
3/9/2020 14:31,37.9,37.905,37.84,37.86,79819
3/9/2020 14:30,37.94,37.96,37.89,37.9,60055
3/9/2020 14:29,37.97,37.975,37.925,37.95,42661
3/9/2020 14:28,37.98,38,37.94,37.97,31422
3/9/2020 14:27,38.025,38.07,37.98,37.98,53190
3/9/2020 14:26,38.06,38.06,37.98,38.03,89878
3/9/2020 14:25,38.15,38.16,38.06,38.07,47751
3/9/2020 14:24,38.1,38.17,38.09,38.145,44071
3/9/2020 14:23,38.15,38.16,38.07,38.09,61023
3/9/2020 14:22,38.28,38.28,38.11,38.14,78993
3/9/2020 14:21,38.17,38.31,38.16,38.288,75275
3/9/2020 14:20,38.21,38.23,38.15,38.17,82210
3/9/2020 14:19,38.32,38.33,38.2,38.205,62075
3/9/2020 14:18,38.34,38.36,38.275,38.32,128430
3/9/2020 14:17,38.22,38.36,38.16,38.33,133314
3/9/2020 14:16,38.05,38.24,38.05,38.22,100215
3/9/2020 14:15,37.91,38.05,37.91,38.04,72190
3/9/2020 14:14,37.93,37.93,37.895,37.92,63242
3/9/2020 14:13,37.99,37.99,37.92,37.93,54282
3/9/2020 14:12,37.94,38.005,37.94,37.99,110820
3/9/2020 14:11,37.8498,37.95,37.84,37.94,70068
3/9/2020 14:10,37.88,37.88,37.81,37.85,95816
3/9/2020 14:09,37.94,37.94,37.89,37.89,58586
3/9/2020 14:08,37.82,37.98,37.82,37.95,114211
3/9/2020 14:07,37.85,37.87,37.82,37.83,114078
3/9/2020 14:06,37.85,37.88,37.845,37.845,77509
3/9/2020 14:05,37.8564,37.9,37.845,37.85,70748
3/9/2020 14:04,37.8062,37.89,37.79,37.85,150034
3/9/2020 14:03,37.8885,37.89,37.79,37.81,167851
3/9/2020 14:02,37.89,37.93,37.87,37.89,75757
3/9/2020 14:01,37.86,37.91,37.84,37.88,76629
3/9/2020 14:00,37.87,37.88,37.845,37.86,47954
3/9/2020 13:59,37.89,37.95,37.85,37.88,94519
3/9/2020 13:58,37.9,37.95,37.84,37.895,76289
3/9/2020 13:57,37.8,37.92,37.8,37.9,143113
3/9/2020 13:56,37.7,37.805,37.69,37.8,162148
3/9/2020 13:55,37.76,37.76,37.68,37.7084,57393
3/9/2020 13:54,37.7554,37.79,37.73,37.76,62225
3/9/2020 13:53,37.7854,37.79,37.75,37.76,38156
3/9/2020 13:52,37.83,37.835,37.78,37.785,60846
3/9/2020 13:51,37.92,37.93,37.84,37.85,118538
3/9/2020 13:50,37.9907,37.995,37.92,37.92,56523
3/9/2020 13:49,37.965,38.01,37.93,37.99,51712
3/9/2020 13:48,37.9,37.98,37.87,37.96,108634
3/9/2020 13:47,37.91,37.94,37.88,37.91,57266
3/9/2020 13:46,37.87,37.96,37.86,37.92,263840
3/9/2020 13:43,37.9202,37.9202,37.86,37.8651,66340
3/9/2020 13:42,37.9801,37.9801,37.91,37.925,57017
3/9/2020 13:41,37.95,38.0025,37.945,37.98,65982
3/9/2020 13:40,37.99,38.0199,37.93,37.945,78889
3/9/2020 13:39,38.02,38.02,37.97,37.98,82977
3/9/2020 13:38,38.05,38.05,38.01,38.025,29315
3/9/2020 13:37,38.07,38.075,38.02,38.05,38202
3/9/2020 13:36,38.05,38.1,38.05,38.08,34224
3/9/2020 13:35,38.0799,38.115,38.03,38.055,42206
3/9/2020 13:34,38.12,38.135,38.06,38.07,67390
3/9/2020 13:33,38.155,38.17,38.105,38.115,34810
3/9/2020 13:32,38.2,38.205,38.15,38.16,56258
3/9/2020 13:31,38.22,38.23,38.19,38.205,108260
3/9/2020 13:30,38.2224,38.25,38.165,38.215,154354
3/9/2020 13:29,38.24,38.285,38.2226,38.2226,51876
3/9/2020 13:28,38.26,38.29,38.2299,38.25,39331
3/9/2020 13:27,38.205,38.275,38.195,38.27,49568
3/9/2020 13:26,38.22,38.23,38.19,38.205,106273
3/9/2020 13:25,38.21,38.24,38.2,38.21,54411
3/9/2020 13:24,38.18,38.2399,38.17,38.205,131131
3/9/2020 13:23,38.185,38.1931,38.14,38.18,60457
3/9/2020 13:22,38.2134,38.25,38.17,38.1834,82153
3/9/2020 13:21,38.25,38.28,38.21,38.21,150604
3/9/2020 13:20,38.27,38.295,38.22,38.26,54569
3/9/2020 13:19,38.26,38.31,38.23,38.26,85936
3/9/2020 13:18,38.255,38.35,38.24,38.26,101987
3/9/2020 13:17,38.34,38.35,38.25,38.25,48615
3/9/2020 13:16,38.423,38.423,38.29,38.3499,78181
3/9/2020 13:15,38.43,38.44,38.39,38.42,56122
3/9/2020 13:14,38.4,38.46,38.36,38.43,69754
3/9/2020 13:13,38.39,38.41,38.37,38.395,71417
3/9/2020 13:12,38.3,38.3959,38.3,38.3899,84378
3/9/2020 13:11,38.24,38.3,38.22,38.3,49835
3/9/2020 13:10,38.3201,38.321,38.24,38.24,50439
3/9/2020 13:09,38.2,38.35,38.2,38.33,93742
3/9/2020 13:08,38.17,38.1998,38.15,38.19,48766
3/9/2020 13:07,38.1125,38.17,38.11,38.16,62475
3/9/2020 13:06,38.2,38.22,38.11,38.11,101065
3/9/2020 13:05,38.34,38.35,38.2,38.2,80389
3/9/2020 13:04,38.435,38.439,38.32,38.335,92755
3/9/2020 13:03,38.36,38.44,38.32,38.437,97771
3/9/2020 13:02,38.28,38.4,38.2642,38.395,105076
3/9/2020 13:01,38.29,38.31,38.23,38.26,120318
3/9/2020 13:00,38.24,38.305,38.235,38.29,57554
3/9/2020 12:59,38.24,38.25,38.21,38.2301,56332
3/9/2020 12:58,38.21,38.31,38.2,38.24,78847
3/9/2020 12:57,38.34,38.36,38.205,38.21,117235
3/9/2020 12:56,38.29,38.3401,38.25,38.3401,41281
3/9/2020 12:55,38.3,38.32,38.24,38.295,68687
3/9/2020 12:54,38.36,38.36,38.27,38.3,74264
3/9/2020 12:53,38.39,38.4,38.33,38.36,87028
3/9/2020 12:52,38.365,38.41,38.265,38.395,93536
3/9/2020 12:51,38.31,38.38,38.31,38.37,131797
3/9/2020 12:50,38.36,38.39,38.25,38.31,151454
3/9/2020 12:49,38.335,38.365,38.31,38.36,88650
3/9/2020 12:48,38.375,38.38,38.33,38.34,102888
3/9/2020 12:47,38.43,38.43,38.37,38.37,54354
3/9/2020 12:46,38.43,38.49,38.405,38.43,100109
3/9/2020 12:45,38.46,38.49,38.36,38.425,147694
3/9/2020 12:44,38.47,38.49,38.42,38.46,118282
3/9/2020 12:43,38.52,38.535,38.445,38.48,87532
3/9/2020 12:42,38.675,38.675,38.51,38.525,82771
3/9/2020 12:41,38.6,38.69,38.59,38.67,82598
3/9/2020 12:40,38.64,38.66,38.6,38.61,77618
3/9/2020 12:39,38.56,38.66,38.52,38.64,105051
3/9/2020 12:38,38.555,38.635,38.55,38.57,125765
3/9/2020 12:37,38.5925,38.61,38.53,38.56,128542
3/9/2020 12:36,38.745,38.755,38.59,38.605,108353
3/9/2020 12:35,38.79,38.795,38.715,38.74,98473
3/9/2020 12:34,38.93,38.945,38.79,38.795,83372
3/9/2020 12:33,38.975,39,38.935,38.935,80822
3/9/2020 12:32,38.94,38.985,38.93,38.98,56199
3/9/2020 12:31,38.955,38.98,38.93,38.95,85341
3/9/2020 12:30,39.03,39.03,38.96,38.96,97388
3/9/2020 12:29,39.08,39.08,39.01,39.03,118397
3/9/2020 12:28,39.07,39.0999,39.05,39.07,113952
3/9/2020 12:27,39.1,39.13,39.07,39.07,74642
3/9/2020 12:26,39.16,39.18,39.1,39.1,91247
3/9/2020 12:25,39.25,39.25,39.13,39.165,93460
3/9/2020 12:24,39.31,39.315,39.23,39.245,85275
3/9/2020 12:23,39.3054,39.355,39.3,39.31,99708
3/9/2020 12:22,39.26,39.31,39.23,39.31,103266
3/9/2020 12:21,39.26,39.2956,39.24,39.26,115687
3/9/2020 12:20,39.23,39.27,39.22,39.27,89308
3/9/2020 12:19,39.29,39.32,39.22,39.23,95938
3/9/2020 12:18,39.42,39.435,39.28,39.3,93850
3/9/2020 12:17,39.36,39.44,39.35,39.41,112496
3/9/2020 12:16,39.38,39.44,39.36,39.36,93314
3/9/2020 12:15,39.42,39.42,39.34,39.37,119499
3/9/2020 12:14,39.47,39.475,39.4,39.43,139853
3/9/2020 12:13,39.51,39.54,39.46,39.47,99499
3/9/2020 12:12,39.54,39.56,39.47,39.505,110647
3/9/2020 12:11,39.54,39.55,39.54,39.55,326422
3/9/2020 12:09,39.38,39.39,39.37,39.39,151191
3/9/2020 12:07,39.18,39.19,39.15,39.185,56537
3/9/2020 12:06,39.08,39.19,39.08,39.18,89685
3/9/2020 12:05,39.09,39.105,39.08,39.085,46015
3/9/2020 12:04,39.06,39.11,39.04,39.1,85881
3/9/2020 12:03,39.08,39.085,39.025,39.05,92678
3/9/2020 12:02,39.17,39.195,39.08,39.085,97585
3/9/2020 12:01,39.13,39.18,39.13,39.16,70275
3/9/2020 12:00,39.2,39.205,39.13,39.14,54111
3/9/2020 11:59,39.28,39.28,39.2,39.2,54615
3/9/2020 11:58,39.285,39.31,39.23,39.28,59936
3/9/2020 11:57,39.23,39.3101,39.21,39.28,59781
3/9/2020 11:56,39.2599,39.28,39.22,39.22,75014
3/9/2020 11:55,39.2851,39.2851,39.2025,39.2543,44454
3/9/2020 11:54,39.3349,39.3349,39.27,39.285,73934
3/9/2020 11:53,39.36,39.37,39.2701,39.34,48195
3/9/2020 11:52,39.45,39.45,39.37,39.37,122258
3/9/2020 11:51,39.42,39.45,39.42,39.42,26786
3/9/2020 11:50,39.38,39.43,39.365,39.42,36343
3/9/2020 11:49,39.44,39.47,39.38,39.38,64622
3/9/2020 11:48,39.295,39.47,39.29,39.43,193301
3/9/2020 11:47,39.345,39.3739,39.23,39.295,132974
3/9/2020 11:46,39.37,39.39,39.3,39.345,101728
3/9/2020 11:45,39.3099,39.38,39.27,39.36,83210
3/9/2020 11:44,39.325,39.3361,39.245,39.309,113358
3/9/2020 11:43,39.27,39.35,39.25,39.33,66259
3/9/2020 11:42,39.29,39.31,39.2501,39.28,100393
3/9/2020 11:41,39.265,39.31,39.2401,39.28,81138
3/9/2020 11:40,39.28,39.32,39.23,39.26,130214
3/9/2020 11:39,39.25,39.3237,39.23,39.275,129800
3/9/2020 11:38,39.0902,39.26,39.085,39.25,115539
3/9/2020 11:37,39.08,39.13,39.0675,39.1,100984
3/9/2020 11:36,39.06,39.12,39.04,39.08,150178
3/9/2020 11:35,38.94,39.1,38.94,39.07,125788
3/9/2020 11:34,38.89,38.935,38.89,38.93,124082
3/9/2020 11:33,38.885,38.905,38.85,38.89,88041
3/9/2020 11:32,38.89,38.92,38.87,38.89,96094
3/9/2020 11:31,39.04,39.04,38.89,38.895,102598
3/9/2020 11:30,38.97,39.08,38.95,39.04,71935
3/9/2020 11:29,38.98,38.995,38.94,38.97,83897
3/9/2020 11:28,39.07,39.075,38.96,38.98,119289
3/9/2020 11:27,39.02,39.08,39.02,39.0764,137079
3/9/2020 11:26,38.965,39.06,38.965,39.02,109249
3/9/2020 11:25,38.887,38.98,38.88,38.97,70125
3/9/2020 11:24,38.805,38.895,38.8,38.885,111908
3/9/2020 11:23,38.76,38.82,38.75,38.8,72410
3/9/2020 11:22,38.87,38.88,38.752,38.76,137828
3/9/2020 11:21,39.01,39.01,38.855,38.86,91344
3/9/2020 11:20,39,39.06,38.9999,39,87558
3/9/2020 11:19,39.03,39.09,38.97,38.993,124406
3/9/2020 11:18,38.94,39.03,38.925,39.02,129617
3/9/2020 11:17,38.83,38.945,38.82,38.94,96306
3/9/2020 11:16,38.81,38.86,38.77,38.82,89663
3/9/2020 11:15,38.79,38.83,38.765,38.81,84957
3/9/2020 11:14,38.75,38.865,38.75,38.8,114699
3/9/2020 11:13,38.75,38.78,38.71,38.75,103854
3/9/2020 11:12,38.6,38.74,38.58,38.74,195179
3/9/2020 11:11,38.54,38.63,38.515,38.59,115213
3/9/2020 11:10,38.4303,38.54,38.41,38.54,115882
3/9/2020 11:09,38.38,38.445,38.38,38.43,80442
3/9/2020 11:08,38.42,38.44,38.38,38.39,98027
3/9/2020 11:07,38.47,38.48,38.41,38.42,128337
3/9/2020 11:06,38.39,38.47,38.36,38.455,76352
3/9/2020 11:05,38.45,38.45,38.33,38.381,87661
3/9/2020 11:04,38.52,38.53,38.37,38.44,106329
3/9/2020 11:03,38.37,38.53,38.369,38.52,92356
3/9/2020 11:02,38.3893,38.41,38.31,38.37,100248
3/9/2020 11:01,38.37,38.39,38.29,38.39,209512
3/9/2020 11:00,38.44,38.46,38.32,38.35,187570
3/9/2020 10:59,38.32,38.44,38.32,38.44,159669
3/9/2020 10:58,38.17,38.33,38.16,38.32,165749
3/9/2020 10:57,38.225,38.23,38.15,38.1701,94848
3/9/2020 10:56,38.22,38.275,38.2101,38.22,100209
3/9/2020 10:55,38.24,38.27,38.21,38.23,113903
3/9/2020 10:54,38.17,38.2499,38.16,38.2499,121375
3/9/2020 10:53,38.12,38.17,38.11,38.17,73624
3/9/2020 10:52,38.155,38.155,38.06,38.13,104080
3/9/2020 10:51,38.2899,38.29,38.16,38.17,90422
3/9/2020 10:50,38.33,38.35,38.28,38.28,91113
3/9/2020 10:49,38.36,38.4095,38.31,38.32,114135
3/9/2020 10:48,38.363,38.39,38.35,38.365,83381
3/9/2020 10:47,38.46,38.47,38.355,38.36,106874
3/9/2020 10:46,38.49,38.5099,38.45,38.47,163765
3/9/2020 10:45,38.47,38.57,38.47,38.47,136022
3/9/2020 10:44,38.46,38.48,38.4,38.465,121099
3/9/2020 10:43,38.6,38.62,38.4599,38.46,98204
3/9/2020 10:42,38.5,38.66,38.48,38.61,187435
3/9/2020 10:41,38.46,38.545,38.445,38.5,126764
3/9/2020 10:40,38.45,38.49,38.41,38.47,101070
3/9/2020 10:39,38.4,38.455,38.385,38.455,111021
3/9/2020 10:38,38.29,38.39,38.25,38.39,140823
3/9/2020 10:37,38.32,38.33,38.15,38.29,143764
3/9/2020 10:36,38.4737,38.485,38.3,38.32,133901
3/9/2020 10:35,38.5,38.55,38.41,38.47,105998
3/9/2020 10:34,38.3,38.51,38.25,38.505,125528
3/9/2020 10:33,38.26,38.33,38.245,38.301,95800
3/9/2020 10:32,38.22,38.3,38.205,38.2699,172980
3/9/2020 10:31,38.12,38.28,38.11,38.22,181231
3/9/2020 10:30,38.1099,38.18,38.09,38.13,185670
3/9/2020 10:29,38.19,38.2,38.025,38.1001,199725
3/9/2020 10:28,38.13,38.26,38.115,38.205,317103
3/9/2020 10:27,37.89,38.17,37.89,38.13,258247
3/9/2020 10:26,37.85,37.95,37.83,37.885,259782
3/9/2020 10:25,37.96,37.97,37.8067,37.8467,228410
3/9/2020 10:24,37.83,38.05,37.8,37.96,266509
3/9/2020 10:23,37.9,37.9,37.73,37.84,215390
3/9/2020 10:22,37.99,38.04,37.9,37.91,116988
3/9/2020 10:21,38.06,38.11,37.97,37.995,114317
3/9/2020 10:20,38.06,38.1,38.01,38.06,104224
3/9/2020 10:19,37.9999,38.1199,37.99,38.06,161941
3/9/2020 10:18,37.99,38.04,37.86,37.99,168786
3/9/2020 10:17,37.97,38.09,37.96,37.995,136507
3/9/2020 10:16,37.81,38,37.805,37.96,186162
3/9/2020 10:15,37.92,37.93,37.74,37.8044,209349
3/9/2020 10:14,37.9,37.945,37.85,37.93,113791
3/9/2020 10:13,37.95,37.95,37.83,37.9,141765
3/9/2020 10:12,38,38,37.84,37.96,187886
3/9/2020 10:11,38.05,38.08,37.95,38,190813
3/9/2020 10:10,38.02,38.06,37.94,38.06,126212
3/9/2020 10:09,38.01,38.1,37.913,38.01,149393
3/9/2020 10:08,38.08,38.08,37.9,38.0099,197188
3/9/2020 10:07,37.85,38.09,37.81,38.07,207166
3/9/2020 10:06,37.57,37.89,37.57,37.86,145712
3/9/2020 10:05,37.73,37.775,37.56,37.57,145310
3/9/2020 10:04,37.88,37.9,37.68,37.73,159522
3/9/2020 10:03,37.89,37.925,37.81,37.885,145321
3/9/2020 10:02,37.9,37.965,37.84,37.89,144080
3/9/2020 10:01,37.98,37.98,37.81,37.91,179995
3/9/2020 10:00,38.05,38.21,37.95,37.99,180545
3/9/2020 9:59,38.01,38.06,38.01,38.04,219628
3/9/2020 9:58,38.01,38.0301,38.01,38.0301,156619
3/9/2020 9:57,38.128,38.13,38.128,38.13,232795
3/9/2020 9:56,37.67,38.02,37.67,38.02,269982
3/9/2020 9:55,37.64,37.64,37.63,37.63,199020
3/9/2020 9:54,37.55,37.72,37.55,37.72,231846
3/9/2020 9:53,37.33,37.51,37.33,37.51,143540
3/9/2020 9:52,37.33,37.41,37.33,37.41,386932
3/9/2020 9:51,36.9809,37.35,36.9809,37.35,250315
3/9/2020 9:50,36.86,36.95,36.86,36.95,2181304
3/9/2020 9:35,36.89,36.89,36.89,36.89,0
3/9/2020 9:34,37.08,37.08,36.96,36.98,174913
3/9/2020 9:33,36.725,37.17,36.711,37.07,263508
3/9/2020 9:32,36.55,36.74,36.525,36.72,130616
3/9/2020 9:31,36.9,37,36.3,36.5699,1122600
